name,category,niche,rating,reviews,phone,website,websiteType,websiteQuality,opportunityScore,businessScore,isHigh,isNoWebsite,isSocial,isDirectory,isWeakWebsite,isSellable,city,state,googleMapsUrl,sourceFile
La choza de Vargas,Restaurante,Restaurante,4.8,135,+34 607 53 39 65,,none,NOT_APPLICABLE,92,89,true,true,false,false,false,true,Huelva,Huelva,https://www.google.com/maps/search/?api=1&query=La%20choza%20de%20Vargas&query_place_id=ChIJA295rBHFEQ0Rn2bkkUS1iew,bares\website-analysis.csv
Bar Pappis,Bar de tapas,Bar de tapas,4.6,1658,+34 959 23 58 06,,none,NOT_APPLICABLE,91,95,true,true,false,false,false,true,Huelva,Huelva,https://www.google.com/maps/search/?api=1&query=Bar%20Pappis&query_place_id=ChIJYfwZnhvQEQ0RUhE6HHYnr9o,bares\website-analysis.csv
Amor Amar Puerto,Restaurante,Restaurante,4.6,755,+34 652 70 22 11,,none,NOT_APPLICABLE,91,95,true,true,false,false,false,true,Huelva,Huelva,https://www.google.com/maps/search/?api=1&query=Amor%20Amar%20Puerto&query_place_id=ChIJ0XbkKcnPEQ0RKbMqbWqYYoY,bares\website-analysis.csv
Restaurante Jardines del Odiel,Restaurante,Restaurante,4.7,592,+34 637 35 30 36,,none,NOT_APPLICABLE,91,95,true,true,false,false,false,true,Huelva,Huelva,https://www.google.com/maps/search/?api=1&query=Restaurante%20Jardines%20del%20Odiel&query_place_id=ChIJFSHIVwTREQ0R_9m-9Wx86RM,bares\website-analysis.csv
Bar Buena vida Huelva,Restaurante,Restaurante,4.5,363,+34 637 57 04 56,,none,NOT_APPLICABLE,91,90,true,true,false,false,false,true,Huelva,Huelva,https://www.google.com/maps/search/?api=1&query=Bar%20Buena%20vida%20Huelva&query_place_id=ChIJJXuXpoTPEQ0RhQIhZ61DU8g,bares\website-analysis.csv
Freiduría Hidalgo,Restaurante,Restaurante,4.5,112,+34 959 31 68 47,,none,NOT_APPLICABLE,88,84,true,true,false,false,false,true,Huelva,Huelva,https://www.google.com/maps/search/?api=1&query=Freidur%C3%ADa%20Hidalgo&query_place_id=ChIJaSDtr-_PEQ0R8f_aiRYC0OE,bares\website-analysis.csv
Restaurante La Nicoba,Restaurante,Restaurante,4.6,98,+34 697 81 72 79,,none,NOT_APPLICABLE,85,77,true,true,false,false,false,true,Huelva,Huelva,https://www.google.com/maps/search/?api=1&query=Restaurante%20La%20Nicoba&query_place_id=ChIJj7MamwXFEQ0RnSJadozn3zY,bares\website-analysis.csv
Bar El Pueblo,Bar,Bar,4.5,80,+34 625 17 18 02,,none,NOT_APPLICABLE,85,77,true,true,false,false,false,true,Huelva,Huelva,https://www.google.com/maps/search/?api=1&query=Bar%20El%20Pueblo&query_place_id=ChIJCZubuR7QEQ0R8wQy32yQ5co,bares\website-analysis.csv
Nuevo Garrisons burger,Hamburguesería,Hamburguesería,4.7,303,+34 666 48 60 88,https://www.facebook.com/profile.php?id=100088812015001,social,NOT_APPLICABLE,84,90,true,false,true,false,false,true,Huelva,Huelva,https://www.google.com/maps/search/?api=1&query=Nuevo%20Garrisons%20burger&query_place_id=ChIJ_yuK8uLPEQ0Rb5aNOgw3EbU,bares\website-analysis.csv
Terraza-Bar La Hispanidad,Bar de tapas,Bar de tapas,4.4,1504,+34 959 25 69 02,,none,NOT_APPLICABLE,84,86,true,true,false,false,false,true,Huelva,Huelva,https://www.google.com/maps/search/?api=1&query=Terraza-Bar%20La%20Hispanidad&query_place_id=ChIJD0X1G-HPEQ0RahZW-jaLknc,bares\website-analysis.csv
Cafetería La Góndola Onubense S.L.,Churrería,Churrería,4.4,506,+34 959 15 15 01,,none,NOT_APPLICABLE,84,86,true,true,false,false,false,true,Huelva,Huelva,https://www.google.com/maps/search/?api=1&query=Cafeter%C3%ADa%20La%20G%C3%B3ndola%20Onubense%20S.L.&query_place_id=ChIJw2qctO7PEQ0Rnfwmvn_W8Js,bares\website-analysis.csv
Restaurante Blandón,Bar restaurante,Bar restaurante,4.1,464,+34 959 24 29 79,,none,NOT_APPLICABLE,84,81,true,true,false,false,false,true,Huelva,Huelva,https://www.google.com/maps/search/?api=1&query=Restaurante%20Bland%C3%B3n&query_place_id=ChIJd4_gMNjPEQ0RNkd9iYhGcAM,bares\website-analysis.csv
Albero Gastro y Folklore,Bar restaurante,Bar restaurante,4.3,457,+34 680 93 76 44,,none,NOT_APPLICABLE,84,81,true,true,false,false,false,true,Huelva,Huelva,https://www.google.com/maps/search/?api=1&query=Albero%20Gastro%20y%20Folklore&query_place_id=ChIJN2NRFNjPEQ0RuHFDp_jfipo,bares\website-analysis.csv
Ibiza Bar,Bar,Bar,4.8,152,,,none,NOT_APPLICABLE,82,74,true,true,false,false,false,true,Huelva,Huelva,https://www.google.com/maps/search/?api=1&query=Ibiza%20Bar&query_place_id=ChIJj9oYMibQEQ0RqaE-z3rzWKE,bares\website-analysis.csv
La Churreria,Cafetería,Cafetería,4.2,295,+34 655 62 37 09,,none,NOT_APPLICABLE,81,75,true,true,false,false,false,true,Huelva,Huelva,https://www.google.com/maps/search/?api=1&query=La%20Churreria&query_place_id=ChIJpcqW1sHPEQ0R58w58LxZ0Ho,bares\website-analysis.csv
Bodeguita Leal,Bar,Bar,4.2,288,+34 625 07 18 81,,none,NOT_APPLICABLE,81,75,true,true,false,false,false,true,Huelva,Huelva,https://www.google.com/maps/search/?api=1&query=Bodeguita%20Leal&query_place_id=ChIJq6p--ejPEQ0RExxMCVaj8rQ,bares\website-analysis.csv
Bar Los Pitufos,Bar de tapas,Bar de tapas,4.4,217,+34 657 81 15 90,,none,NOT_APPLICABLE,81,75,true,true,false,false,false,true,Huelva,Huelva,https://www.google.com/maps/search/?api=1&query=Bar%20Los%20Pitufos&query_place_id=ChIJB_JKs9vPEQ0Rz-X-wl8vYXM,bares\website-analysis.csv
El Mercado Ciudad del Marisco,Restaurante,Restaurante,4.4,208,+34 692 41 21 36,,none,NOT_APPLICABLE,81,75,true,true,false,false,false,true,Huelva,Huelva,https://www.google.com/maps/search/?api=1&query=El%20Mercado%20Ciudad%20del%20Marisco&query_place_id=ChIJLct8yKXPEQ0Rx2JyrfUdsGc,bares\website-analysis.csv
Bar Leonardo,Bar,Bar,4.3,190,+34 959 81 26 19,,none,NOT_APPLICABLE,81,75,true,true,false,false,false,true,Huelva,Huelva,https://www.google.com/maps/search/?api=1&query=Bar%20Leonardo&query_place_id=ChIJJ7EpstvPEQ0RZcpIXG9ucVU,bares\website-analysis.csv
Bar LA ILUSION,Bar,Bar,4.4,172,+34 617 78 28 19,,none,NOT_APPLICABLE,81,75,true,true,false,false,false,true,Huelva,Huelva,https://www.google.com/maps/search/?api=1&query=Bar%20LA%20ILUSION&query_place_id=ChIJu79sS8DPEQ0RNAJyS91BzbM,bares\website-analysis.csv
Bar Costa de la Luz,Cafetería,Cafetería,4.2,169,+34 667 06 09 16,,none,NOT_APPLICABLE,81,75,true,true,false,false,false,true,Huelva,Huelva,https://www.google.com/maps/search/?api=1&query=Bar%20Costa%20de%20la%20Luz&query_place_id=ChIJB2GKg9fPEQ0RCbpDX6q-euM,bares\website-analysis.csv
La tasquita de candela huelva,Restaurante,Restaurante,4.3,163,+34 671 92 95 42,,none,NOT_APPLICABLE,81,75,true,true,false,false,false,true,Huelva,Huelva,https://www.google.com/maps/search/?api=1&query=La%20tasquita%20de%20candela%20huelva&query_place_id=ChIJAyry5w3PEQ0RiN5qnL1xtKI,bares\website-analysis.csv
Taberna Los Compadres Verdeluz,Taberna,Taberna,4.6,39,+34 614 62 80 84,,none,NOT_APPLICABLE,80,68,true,true,false,false,false,true,Huelva,Huelva,https://www.google.com/maps/search/?api=1&query=Taberna%20Los%20Compadres%20Verdeluz&query_place_id=ChIJVxj6ln7PEQ0RtWaDZ5Ygi1k,bares\website-analysis.csv
Raymi Cafetería Pub,Cafetería,Cafetería,4.5,299,,,none,NOT_APPLICABLE,78,69,true,true,false,false,false,true,Huelva,Huelva,https://www.google.com/maps/search/?api=1&query=Raymi%20Cafeter%C3%ADa%20Pub&query_place_id=ChIJM5qbldfPEQ0RfNeTAWxXX6I,bares\website-analysis.csv
Bar La Mantua,Bar,Bar,4.5,159,,,none,NOT_APPLICABLE,78,69,true,true,false,false,false,true,Huelva,Huelva,https://www.google.com/maps/search/?api=1&query=Bar%20La%20Mantua&query_place_id=ChIJM1rBIybQEQ0RCJrBeiyqbYE,bares\website-analysis.csv
"Bar ""La Reja""",Bar,Bar,4.3,96,+34 600 33 89 54,,none,NOT_APPLICABLE,78,68,true,true,false,false,false,true,Huelva,Huelva,https://www.google.com/maps/search/?api=1&query=Bar%20%22La%20Reja%22&query_place_id=ChIJFRDYQiDQEQ0RKNF82GuuOfo,bares\website-analysis.csv
Bar ultimo dolar,Bar de tapas,Bar de tapas,4.3,78,+34 663 29 30 53,,none,NOT_APPLICABLE,78,68,true,true,false,false,false,true,Huelva,Huelva,https://www.google.com/maps/search/?api=1&query=Bar%20ultimo%20dolar&query_place_id=ChIJXfa0AeHPEQ0Rbxd6ZdCMgZ4,bares\website-analysis.csv
Más ke Pollos,Restaurante especializado en pollo,Restaurante especializado en pollo,4.2,77,+34 959 81 64 90,,none,NOT_APPLICABLE,78,68,true,true,false,false,false,true,Huelva,Huelva,https://www.google.com/maps/search/?api=1&query=M%C3%A1s%20ke%20Pollos&query_place_id=ChIJy-VW29_PEQ0RYkm6_8_zrvI,bares\website-analysis.csv
Cafetería Heladería La Flamenca,Heladería,Heladería,4.1,56,+34 959 82 89 58,,none,NOT_APPLICABLE,78,68,true,true,false,false,false,true,Huelva,Huelva,https://www.google.com/maps/search/?api=1&query=Cafeter%C3%ADa%20Helader%C3%ADa%20La%20Flamenca&query_place_id=ChIJPXKip7_PEQ0RKpJ9k-hZBLU,bares\website-analysis.csv
Bar Paco Moreno,Bar,Bar,4.3,1198,+34 959 24 30 48,https://m.facebook.com/cbpacomoreno/?locale2=es_ES,social,NOT_APPLICABLE,77,86,true,false,true,false,false,true,Huelva,Huelva,https://www.google.com/maps/search/?api=1&query=Bar%20Paco%20Moreno&query_place_id=ChIJeV9G1CfQEQ0RkhsZPt9ceRY,bares\website-analysis.csv
La Florida Huelva,Cafetería,Cafetería,4.3,646,+34 672 07 84 05,https://www.facebook.com/lafloridahuelva/,social,NOT_APPLICABLE,77,86,true,false,true,false,false,true,Huelva,Huelva,https://www.google.com/maps/search/?api=1&query=La%20Florida%20Huelva&query_place_id=ChIJ4XAubYzPEQ0RdeWl2qjN-ow,bares\website-analysis.csv
Bar café nandos,Bar,Bar,4.5,20,+34 692 61 69 42,,none,NOT_APPLICABLE,76,59,true,true,false,false,false,true,Huelva,Huelva,https://www.google.com/maps/search/?api=1&query=Bar%20caf%C3%A9%20nandos&query_place_id=ChIJ7ZO8sqvPEQ0Rtm0-m5LF0b8,bares\website-analysis.csv
Platero Terraza Bar,Bar de tapas,Bar de tapas,3.9,1523,+34 687 78 26 90,,none,NOT_APPLICABLE,75,70,true,true,false,false,false,true,Huelva,Huelva,https://www.google.com/maps/search/?api=1&query=Platero%20Terraza%20Bar&query_place_id=ChIJ20xbCPHPEQ0R0E0yiSogxuo,bares\website-analysis.csv
Bar Vaquero,Bar,Bar,3.8,421,+34 693 78 46 40,,none,NOT_APPLICABLE,75,65,true,true,false,false,false,true,Huelva,Huelva,https://www.google.com/maps/search/?api=1&query=Bar%20Vaquero&query_place_id=ChIJF3JY08HPEQ0R5Ywb9kdqCkg,bares\website-analysis.csv
Café-Bar Palacios,Restaurante de cocina española,Restaurante de cocina española,4.8,11,+34 675 90 36 59,,none,NOT_APPLICABLE,75,64,true,true,false,false,false,true,Huelva,Huelva,https://www.google.com/maps/search/?api=1&query=Caf%C3%A9-Bar%20Palacios&query_place_id=ChIJORQgLADREQ0Ri8fxCMpKeLM,bares\website-analysis.csv
Cafetería Snif Heladería,Heladería,Heladería,4.5,74,,,none,NOT_APPLICABLE,75,62,true,true,false,false,false,true,Huelva,Huelva,https://www.google.com/maps/search/?api=1&query=Cafeter%C3%ADa%20Snif%20Helader%C3%ADa&query_place_id=ChIJT3N7ltfPEQ0Rk9NdvCuNyBY,bares\website-analysis.csv
Hamburguesería bianka,Hamburguesería,Hamburguesería,5,7,+34 643 96 01 48,,none,NOT_APPLICABLE,75,55,true,true,false,false,false,true,Huelva,Huelva,https://www.google.com/maps/search/?api=1&query=Hamburgueser%C3%ADa%20bianka&query_place_id=ChIJibZgR9rPEQ0RGAvBEjUzExM,bares\website-analysis.csv
Bar JD,Bar,Bar,4.8,4,+34 959 81 03 97,,none,NOT_APPLICABLE,75,55,true,true,false,false,false,true,Huelva,Huelva,https://www.google.com/maps/search/?api=1&query=Bar%20JD&query_place_id=ChIJJyRvVFPPEQ0Ri2mHskRW2iI,bares\website-analysis.csv
TABERNA EL TORIL,Bar restaurante,Bar restaurante,4.3,178,+34 671 47 20 68,https://www.facebook.com/Taberna-El-Toril-240613159735016,social,NOT_APPLICABLE,74,75,false,false,true,false,false,true,Huelva,Huelva,https://www.google.com/maps/search/?api=1&query=TABERNA%20EL%20TORIL&query_place_id=ChIJ95QVP9jPEQ0RGhN9C-k_5T0,bares\website-analysis.csv
Taberna Los Compadres - Huelva,Cafetería,Cafetería,4.3,116,+34 685 58 46 20,https://www.facebook.com/tabernaloscompadres/,social,NOT_APPLICABLE,74,75,false,false,true,false,false,true,Huelva,Huelva,https://www.google.com/maps/search/?api=1&query=Taberna%20Los%20Compadres%20-%20Huelva&query_place_id=ChIJt1N8BTLPEQ0RZf44pQEkhdw,bares\website-analysis.csv
Bar Opapis,Bar,Bar,4.3,444,,,none,NOT_APPLICABLE,74,66,false,true,false,false,false,true,Huelva,Huelva,https://www.google.com/maps/search/?api=1&query=Bar%20Opapis&query_place_id=ChIJewuP2OjPEQ0Rl99IH8zm6GQ,bares\website-analysis.csv
Restaurante Góndola,Restaurante,Restaurante,4.2,380,,,none,NOT_APPLICABLE,74,66,false,true,false,false,false,true,Huelva,Huelva,https://www.google.com/maps/search/?api=1&query=Restaurante%20G%C3%B3ndola&query_place_id=ChIJUakpb-nPEQ0RmW4LT4tG40M,bares\website-analysis.csv
Bar Cafetería LAZOS,Cafetería,Cafetería,4.9,36,,,none,NOT_APPLICABLE,74,58,false,true,false,false,false,true,Huelva,Huelva,https://www.google.com/maps/search/?api=1&query=Bar%20Cafeter%C3%ADa%20LAZOS&query_place_id=ChIJDUxLCADREQ0RakTfESiwh4Q,bares\website-analysis.csv
Asador de pollos Las Colonias,Restaurante especializado en pollo,Restaurante especializado en pollo,4.3,39,+34 664 00 17 26,,none,NOT_APPLICABLE,73,59,false,true,false,false,false,true,Huelva,Huelva,https://www.google.com/maps/search/?api=1&query=Asador%20de%20pollos%20Las%20Colonias&query_place_id=ChIJudLqMLrPEQ0RDAGN4ZsjsvQ,bares\website-analysis.csv
Bar Sergio Huelva,Bar de tapas,Bar de tapas,4.1,36,+34 652 76 97 58,,none,NOT_APPLICABLE,73,59,false,true,false,false,false,true,Huelva,Huelva,https://www.google.com/maps/search/?api=1&query=Bar%20Sergio%20Huelva&query_place_id=ChIJ14qJTenPEQ0RCJKNXBYHVf4,bares\website-analysis.csv
La Hispanidad: Hamburguesería y Churrería,Hamburguesería,Hamburguesería,4.4,33,+34 600 36 88 69,,none,NOT_APPLICABLE,73,59,false,true,false,false,false,true,Huelva,Huelva,https://www.google.com/maps/search/?api=1&query=La%20Hispanidad%3A%20Hamburgueser%C3%ADa%20y%20Churrer%C3%ADa&query_place_id=ChIJq0ccIrvPEQ0ReWKOw-Albks,bares\website-analysis.csv
El Ancla,Bar,Bar,3.8,252,+34 615 60 26 04,,none,NOT_APPLICABLE,72,59,false,true,false,false,false,true,Huelva,Huelva,https://www.google.com/maps/search/?api=1&query=El%20Ancla&query_place_id=ChIJIUGH1e7PEQ0RJPRXS7V8NrQ,bares\website-analysis.csv
Bar Nuevo Fantasma,Bar de tapas,Bar de tapas,3.7,211,+34 603 12 12 28,,none,NOT_APPLICABLE,72,59,false,true,false,false,false,true,Huelva,Huelva,https://www.google.com/maps/search/?api=1&query=Bar%20Nuevo%20Fantasma&query_place_id=ChIJieg60OnPEQ0RNgGsNtRC-0E,bares\website-analysis.csv
leviatan kebab,Restaurante de comida rápida,Restaurante de comida rápida,3.4,188,+34 959 87 41 85,,none,NOT_APPLICABLE,72,59,false,true,false,false,false,true,Huelva,Huelva,https://www.google.com/maps/search/?api=1&query=leviatan%20kebab&query_place_id=ChIJQR_7B8LPEQ0R-KX1-3z0mQM,bares\website-analysis.csv
Bar El Cañaveral,Bar,Bar,3.9,110,+34 959 81 01 79,,none,NOT_APPLICABLE,72,59,false,true,false,false,false,true,Huelva,Huelva,https://www.google.com/maps/search/?api=1&query=Bar%20El%20Ca%C3%B1averal&query_place_id=ChIJURciS-nPEQ0Rd1t23Ulp2oc,bares\website-analysis.csv
CHURRERÍA MADRID CAFETERÍA,Churrería,Churrería,4.1,290,,,none,NOT_APPLICABLE,71,60,false,true,false,false,false,true,Huelva,Huelva,https://www.google.com/maps/search/?api=1&query=CHURRER%C3%8DA%20MADRID%20CAFETER%C3%8DA&query_place_id=ChIJyx7J2t_PEQ0Rst2MAfm66C8,bares\website-analysis.csv
Bar Cafetería Euro,Bar,Bar,4.1,267,,,none,NOT_APPLICABLE,71,60,false,true,false,false,false,true,Huelva,Huelva,https://www.google.com/maps/search/?api=1&query=Bar%20Cafeter%C3%ADa%20Euro&query_place_id=ChIJh3Y6bOPPEQ0R11oGNCkNbyY,bares\website-analysis.csv
Churreria La Parada,Bar,Bar,4.4,243,,,none,NOT_APPLICABLE,71,60,false,true,false,false,false,true,Huelva,Huelva,https://www.google.com/maps/search/?api=1&query=Churreria%20La%20Parada&query_place_id=ChIJhweaBdvPEQ0RMgqNBtE9IbQ,bares\website-analysis.csv
Bar La Perdiz,Bar,Bar,4.4,240,,,none,NOT_APPLICABLE,71,60,false,true,false,false,false,true,Huelva,Huelva,https://www.google.com/maps/search/?api=1&query=Bar%20La%20Perdiz&query_place_id=ChIJTy-_stvPEQ0RbI5DNXWhDzw,bares\website-analysis.csv
Bar Centro Pati,Bar de tapas,Bar de tapas,4.3,126,,,none,NOT_APPLICABLE,71,60,false,true,false,false,false,true,Huelva,Huelva,https://www.google.com/maps/search/?api=1&query=Bar%20Centro%20Pati&query_place_id=ChIJ75fYm8TPEQ0RTVEFLDuyeNo,bares\website-analysis.csv
Bar Canijo,Bar de tapas,Bar de tapas,4.4,118,,,none,NOT_APPLICABLE,71,60,false,true,false,false,false,true,Huelva,Huelva,https://www.google.com/maps/search/?api=1&query=Bar%20Canijo&query_place_id=ChIJI53BJvDPEQ0Ryqk9aQHT-34,bares\website-analysis.csv
Bar El Carmen,Bar,Bar,4.1,117,,,none,NOT_APPLICABLE,71,60,false,true,false,false,false,true,Huelva,Huelva,https://www.google.com/maps/search/?api=1&query=Bar%20El%20Carmen&query_place_id=ChIJ5Q4yucTPEQ0R3m21sTppdHk,bares\website-analysis.csv
Bar Jabali,Pizzería,Pizzería,3.9,88,+34 631 61 82 28,,none,NOT_APPLICABLE,69,52,false,true,false,false,false,true,Huelva,Huelva,https://www.google.com/maps/search/?api=1&query=Bar%20Jabali&query_place_id=ChIJG6hGy9vPEQ0RJqH2d8ZMNLE,bares\website-analysis.csv
Bar Café Humilladero,Bar,Bar,4.2,25,+34 638 59 20 18,,none,NOT_APPLICABLE,69,50,false,true,false,false,false,true,Huelva,Huelva,https://www.google.com/maps/search/?api=1&query=Bar%20Caf%C3%A9%20Humilladero&query_place_id=ChIJ_YdOZcTPEQ0R5hwNbuUZKs0,bares\website-analysis.csv
Bar Cafetería La Carpa,Cafetería,Cafetería,3.7,1031,+34 959 29 02 04,https://www.facebook.com/BarLaCarpa/,social,NOT_APPLICABLE,68,70,false,false,true,false,false,true,Huelva,Huelva,https://www.google.com/maps/search/?api=1&query=Bar%20Cafeter%C3%ADa%20La%20Carpa&query_place_id=ChIJGQraQ-PPEQ0RAWlGGFuflAg,bares\website-analysis.csv
La Faraona,Bar de tapas,Bar de tapas,4.5,72,,https://www.instagram.com/lafaraonacerveceria?igsh=MTB2MWp2dGYyYXBucA%3D%3D&utm_source=qr,social,NOT_APPLICABLE,68,62,false,false,true,false,false,true,Huelva,Huelva,https://www.google.com/maps/search/?api=1&query=La%20Faraona&query_place_id=ChIJMzF1JADPEQ0RNiCZJWK5NJo,bares\website-analysis.csv
Bar la piscina del molino,Bar,Bar,4.9,9,+34 859 99 75 57,https://www.instagram.com/barlapiscina.huelva?igsh=cTYzMjFxc3lqOWdp&utm_source=qr,social,NOT_APPLICABLE,68,55,false,false,true,false,false,true,Huelva,Huelva,https://www.google.com/maps/search/?api=1&query=Bar%20la%20piscina%20del%20molino&query_place_id=ChIJO3WxrtPPEQ0R6h3qI2fNo1Q,bares\website-analysis.csv
Bar Cafetería Spencer,Cafetería,Cafetería,4,81,,,none,NOT_APPLICABLE,68,53,false,true,false,false,false,true,Huelva,Huelva,https://www.google.com/maps/search/?api=1&query=Bar%20Cafeter%C3%ADa%20Spencer&query_place_id=ChIJvz6twujPEQ0RH6x1Zh5MP9Q,bares\website-analysis.csv
Salón de Juegos Bar Abel,Bar,Bar,4.2,78,,,none,NOT_APPLICABLE,68,53,false,true,false,false,false,true,Huelva,Huelva,https://www.google.com/maps/search/?api=1&query=Sal%C3%B3n%20de%20Juegos%20Bar%20Abel&query_place_id=ChIJ3y9JmOTPEQ0RIAW-vxsU-fw,bares\website-analysis.csv
Bar Cafetería El Ancla,Cafetería,Cafetería,4.3,72,,,none,NOT_APPLICABLE,68,53,false,true,false,false,false,true,Huelva,Huelva,https://www.google.com/maps/search/?api=1&query=Bar%20Cafeter%C3%ADa%20El%20Ancla&query_place_id=ChIJobBrucTPEQ0RwFT8nDT-tKs,bares\website-analysis.csv
Bar la proa,Bar,Bar,4.3,64,,,none,NOT_APPLICABLE,68,53,false,true,false,false,false,true,Huelva,Huelva,https://www.google.com/maps/search/?api=1&query=Bar%20la%20proa&query_place_id=ChIJdct1ttfPEQ0RNY1x0G6HC8c,bares\website-analysis.csv
Sala de juegos París,Cafetería,Cafetería,4.2,62,,,none,NOT_APPLICABLE,68,53,false,true,false,false,false,true,Huelva,Huelva,https://www.google.com/maps/search/?api=1&query=Sala%20de%20juegos%20Par%C3%ADs&query_place_id=ChIJMxM9BMLPEQ0R0xIN-RClFco,bares\website-analysis.csv
"Bar ""La Sartencilla""",Bar,Bar,4,60,,,none,NOT_APPLICABLE,68,53,false,true,false,false,false,true,Huelva,Huelva,https://www.google.com/maps/search/?api=1&query=Bar%20%22La%20Sartencilla%22&query_place_id=ChIJH9sGuOnPEQ0RxicXtRN4-N4,bares\website-analysis.csv
Bar El Almendro,Bar,Bar,4.1,55,,,none,NOT_APPLICABLE,68,53,false,true,false,false,false,true,Huelva,Huelva,https://www.google.com/maps/search/?api=1&query=Bar%20El%20Almendro&query_place_id=ChIJn2iTbtvPEQ0ROzdnJEspm1A,bares\website-analysis.csv
Bar Los Gonzalez,Bar restaurante,Bar restaurante,4.8,15,,,none,NOT_APPLICABLE,65,49,false,true,false,false,false,true,Huelva,Huelva,https://www.google.com/maps/search/?api=1&query=Bar%20Los%20Gonzalez&query_place_id=ChIJO0kRgprPEQ0RQllkyER5KQo,bares\website-analysis.csv
Bar Diego,Bar,Bar,5,4,,,none,NOT_APPLICABLE,65,40,false,true,false,false,false,true,Huelva,Huelva,https://www.google.com/maps/search/?api=1&query=Bar%20Diego&query_place_id=ChIJVTVgNgDPEQ0RF1m-5kvOoGk,bares\website-analysis.csv
Bar Río Odiel,Bar,Bar,5,4,,,none,NOT_APPLICABLE,65,40,false,true,false,false,false,true,Huelva,Huelva,https://www.google.com/maps/search/?api=1&query=Bar%20R%C3%ADo%20Odiel&query_place_id=ChIJN16Ja2DPEQ0RRvVRfCYlsNM,bares\website-analysis.csv
Parrilla San Antonio,Restaurante familiar,Restaurante familiar,5,2,,,none,NOT_APPLICABLE,65,40,false,true,false,false,false,true,Huelva,Huelva,https://www.google.com/maps/search/?api=1&query=Parrilla%20San%20Antonio&query_place_id=ChIJQxWPagDPEQ0RWedPa_jCOrM,bares\website-analysis.csv
BAR LA PENULTIMA,Bar,Bar,5,1,,,none,NOT_APPLICABLE,65,40,false,true,false,false,false,true,Huelva,Huelva,https://www.google.com/maps/search/?api=1&query=BAR%20LA%20PENULTIMA&query_place_id=ChIJDbw_tsHPEQ0Rks2o3BTFYiw,bares\website-analysis.csv
Bar Los Compadres Verdeluz,,Otros,5,1,,,none,NOT_APPLICABLE,65,40,false,true,false,false,false,true,Huelva,Huelva,https://www.google.com/maps/search/?api=1&query=Bar%20Los%20Compadres%20Verdeluz&query_place_id=ChIJW_akPQDPEQ0Rlejoai8IedY,bares\website-analysis.csv
Snack H’tacos,Restaurante de comida rápida,Restaurante de comida rápida,3.4,43,+34 641 65 40 12,,none,NOT_APPLICABLE,64,43,false,true,false,false,false,true,Huelva,Huelva,https://www.google.com/maps/search/?api=1&query=Snack%20H%E2%80%99tacos&query_place_id=ChIJQTMTJkLPEQ0RTTfr10L0tKA,bares\website-analysis.csv
Café-Burger Desavio La Abuela,Cafetería,Cafetería,4.1,9,+34 614 11 86 60,,none,NOT_APPLICABLE,64,41,false,true,false,false,false,true,Huelva,Huelva,https://www.google.com/maps/search/?api=1&query=Caf%C3%A9-Burger%20Desavio%20La%20Abuela&query_place_id=ChIJOTCdy_HPEQ0R6r6LR16YTp0,bares\website-analysis.csv
Bar Cafetería El Cortijero,Bar,Bar,4.1,47,,,none,NOT_APPLICABLE,63,44,false,true,false,false,false,true,Huelva,Huelva,https://www.google.com/maps/search/?api=1&query=Bar%20Cafeter%C3%ADa%20El%20Cortijero&query_place_id=ChIJBxSf_3nPEQ0RQoKCEQ_Bjrs,bares\website-analysis.csv
Bar Er Kalañés,Bar,Bar,4.3,44,,,none,NOT_APPLICABLE,63,44,false,true,false,false,false,true,Huelva,Huelva,https://www.google.com/maps/search/?api=1&query=Bar%20Er%20Kala%C3%B1%C3%A9s&query_place_id=ChIJm0aYyiPPEQ0Rf2pt9KaMRO4,bares\website-analysis.csv
Ciudad del Marisco,Restaurante,Restaurante,4.3,30,,,none,NOT_APPLICABLE,63,44,false,true,false,false,false,true,Huelva,Huelva,https://www.google.com/maps/search/?api=1&query=Ciudad%20del%20Marisco&query_place_id=ChIJs6LI1WLPEQ0RVuZdObgB12w,bares\website-analysis.csv
Bar maysam,Restaurante,Restaurante,4.7,18,,,none,NOT_APPLICABLE,61,44,false,true,false,false,false,true,Huelva,Huelva,https://www.google.com/maps/search/?api=1&query=Bar%20maysam&query_place_id=ChIJl75GXgDPEQ0RaX1Tg0VuM18,bares\website-analysis.csv
ASADOR DE POLLOS EL GRECO,Restaurante especializado en pollo,Restaurante especializado en pollo,3.8,24,+34 613 62 51 85,,none,NOT_APPLICABLE,60,34,false,true,false,false,false,true,Huelva,Huelva,https://www.google.com/maps/search/?api=1&query=ASADOR%20DE%20POLLOS%20EL%20GRECO&query_place_id=ChIJ41PafobPEQ0R7q79cq4-ur4,bares\website-analysis.csv
Bar Cintado,Bar,Bar,3.9,85,,,none,NOT_APPLICABLE,59,37,false,true,false,false,false,true,Huelva,Huelva,https://www.google.com/maps/search/?api=1&query=Bar%20Cintado&query_place_id=ChIJTfohv9nPEQ0Rpr5vpLiLALU,bares\website-analysis.csv
Bar Chico,Bar,Bar,4,23,,,none,NOT_APPLICABLE,59,35,false,true,false,false,false,true,Huelva,Huelva,https://www.google.com/maps/search/?api=1&query=Bar%20Chico&query_place_id=ChIJhzVSl9TPEQ0Rr4dQtjZPk8I,bares\website-analysis.csv
Cafetería Inés María Domínguez de la Rosa,Cafetería,Cafetería,3.6,17,+34 959 80 29 33,,none,NOT_APPLICABLE,55,34,false,true,false,false,false,true,Huelva,Huelva,https://www.google.com/maps/search/?api=1&query=Cafeter%C3%ADa%20In%C3%A9s%20Mar%C3%ADa%20Dom%C3%ADnguez%20de%20la%20Rosa&query_place_id=ChIJLeD1NNrPEQ0REEptu3rzv8c,bares\website-analysis.csv
El Gustazo,Restaurante,Restaurante,3.7,3,+34 959 28 22 92,,none,NOT_APPLICABLE,55,25,false,true,false,false,false,true,Huelva,Huelva,https://www.google.com/maps/search/?api=1&query=El%20Gustazo&query_place_id=ChIJqecey8TPEQ0RdGm5WosjyWE,bares\website-analysis.csv
Bar la Bodeguita II,Cafetería,Cafetería,3.5,2,+34 632 19 83 77,,none,NOT_APPLICABLE,55,25,false,true,false,false,false,true,Huelva,Huelva,https://www.google.com/maps/search/?api=1&query=Bar%20la%20Bodeguita%20II&query_place_id=ChIJf-ZSazTPEQ0RI5djVgfPbBQ,bares\website-analysis.csv
Attimora,Snack bar,Snack bar,0,0,+34 614 62 67 53,,none,NOT_APPLICABLE,55,25,false,true,false,false,false,true,Huelva,Huelva,https://www.google.com/maps/search/?api=1&query=Attimora&query_place_id=ChIJURcGxT_PEQ0RvGjsechb-XI,bares\website-analysis.csv
Houdda coquet group s.l,Bar restaurante,Bar restaurante,0,0,+34 624 89 75 20,,none,NOT_APPLICABLE,55,25,false,true,false,false,false,true,Huelva,Huelva,https://www.google.com/maps/search/?api=1&query=Houdda%20coquet%20group%20s.l&query_place_id=ChIJgUBS2GXPEQ0RmYkXVAQ7tLM,bares\website-analysis.csv
Cervecería Gallo Negro,Bar,Bar,4.2,17,,,none,NOT_APPLICABLE,54,35,false,true,false,false,false,true,Huelva,Huelva,https://www.google.com/maps/search/?api=1&query=Cervecer%C3%ADa%20Gallo%20Negro&query_place_id=ChIJW29DDhTPEQ0RioDF55qotp0,bares\website-analysis.csv
Freiduría Asador,Parrilla,Parrilla,4.1,16,,,none,NOT_APPLICABLE,54,35,false,true,false,false,false,true,Huelva,Huelva,https://www.google.com/maps/search/?api=1&query=Freidur%C3%ADa%20Asador&query_place_id=ChIJ6fVFA8XPEQ0ROGU2sB9mpOY,bares\website-analysis.csv
Café - Bar La Salina,Bar,Bar,2.8,33,,,none,NOT_APPLICABLE,54,28,false,true,false,false,false,true,Huelva,Huelva,https://www.google.com/maps/search/?api=1&query=Caf%C3%A9%20-%20Bar%20La%20Salina&query_place_id=ChIJf3K5ddfPEQ0RjDoYUExb8hs,bares\website-analysis.csv
Bar Cafetería Esencia,Bar,Bar,4.3,7,,,none,NOT_APPLICABLE,54,26,false,true,false,false,false,true,Huelva,Huelva,https://www.google.com/maps/search/?api=1&query=Bar%20Cafeter%C3%ADa%20Esencia&query_place_id=ChIJvR6YCDrTEQ0R6n15dgzdmFo,bares\website-analysis.csv
Cafetería de la Residencia de mayores (La Orden),Cafetería,Cafetería,4.3,6,,,none,NOT_APPLICABLE,54,26,false,true,false,false,false,true,Huelva,Huelva,https://www.google.com/maps/search/?api=1&query=Cafeter%C3%ADa%20de%20la%20Residencia%20de%20mayores%20(La%20Orden)&query_place_id=ChIJn_auia3PEQ0RZZI1pYmLCH8,bares\website-analysis.csv
Juegos Bar Montevideo,Bar,Bar,4.3,3,,,none,NOT_APPLICABLE,54,26,false,true,false,false,false,true,Huelva,Huelva,https://www.google.com/maps/search/?api=1&query=Juegos%20Bar%20Montevideo&query_place_id=ChIJ5_HWTMDPEQ0R8IS6z_NYsN4,bares\website-analysis.csv
La Famiglia se sienta a la mesa,Restaurante italiano,Restaurante italiano,4.7,6918,+34 722 72 09 71,https://lafamigliarestaurantes.com/restaurantes/huelva/,own_website,GOOD,51,95,false,false,false,false,false,true,Huelva,Huelva,https://www.google.com/maps/search/?api=1&query=La%20Famiglia%20se%20sienta%20a%20la%20mesa&query_place_id=ChIJK3QaHc3REQ0RnhcrPEMJlmY,bares\website-analysis.csv
Bar Restaurante Juan José,Restaurante,Restaurante,4.5,3495,+34 959 26 38 57,https://bar-restaurantejuanjose.es/,own_website,OK,51,95,false,false,false,false,false,true,Huelva,Huelva,https://www.google.com/maps/search/?api=1&query=Bar%20Restaurante%20Juan%20Jos%C3%A9&query_place_id=ChIJEUY459_PEQ0R0Q72g_Jrlq0,bares\website-analysis.csv
Restaurante Azabache,Bar de tapas,Bar de tapas,4.7,3222,+34 959 25 75 28,http://restauranteazabache.com/,own_website,OK,51,95,false,false,false,false,false,true,Huelva,Huelva,https://www.google.com/maps/search/?api=1&query=Restaurante%20Azabache&query_place_id=ChIJ6UmUbiXQEQ0Rj_ro0AClRwY,bares\website-analysis.csv
La Tribu,Bar de tapas,Bar de tapas,4.6,2469,+34 689 61 52 69,https://restaurante.covermanager.com/la-tribu/,own_website,OK,51,95,false,false,false,false,false,true,Huelva,Huelva,https://www.google.com/maps/search/?api=1&query=La%20Tribu&query_place_id=ChIJTevhunfPEQ0R39uVVg18t34,bares\website-analysis.csv
Zorro Viejo Huelva,Restaurante,Restaurante,4.6,1494,+34 959 60 65 15,https://www.numier.com/carta-digital/carta/zorroviejo/home,own_website,WEAK,51,95,false,false,false,false,true,true,Huelva,Huelva,https://www.google.com/maps/search/?api=1&query=Zorro%20Viejo%20Huelva&query_place_id=ChIJxZdMMZbPEQ0RCoSGkPmapNE,bares\website-analysis.csv
Masero - restaurante,Restaurante,Restaurante,4.6,1482,+34 604 88 35 26,https://www.restaurantemasero.com/,own_website,GOOD,51,95,false,false,false,false,false,true,Huelva,Huelva,https://www.google.com/maps/search/?api=1&query=Masero%20-%20restaurante&query_place_id=ChIJb7n-k5XREQ0RESLSlbyER7g,bares\website-analysis.csv
Restaurante Pura Huelva,Restaurante,Restaurante,4.6,677,+34 624 40 06 58,https://www.restaurantepurahuelva.com/,own_website,GOOD,51,95,false,false,false,false,false,true,Huelva,Huelva,https://www.google.com/maps/search/?api=1&query=Restaurante%20Pura%20Huelva&query_place_id=ChIJrTo1wvrREQ0RywhZ96IDzHI,bares\website-analysis.csv
Pastelería Cafetería Forno Portugués,Cafetería,Cafetería,4.5,413,+34 640 91 31 82,https://mapyo.me/pastelera-cafetera-forno-portugues-455158-es,own_website,OK,51,90,false,false,false,false,false,true,Huelva,Huelva,https://www.google.com/maps/search/?api=1&query=Pasteler%C3%ADa%20Cafeter%C3%ADa%20Forno%20Portugu%C3%A9s&query_place_id=ChIJY-SZY8TPEQ0RVZKzbCkW2Sw,bares\website-analysis.csv
"Café bar 6,25",Cafetería,Cafetería,2.8,26,,,none,NOT_APPLICABLE,50,19,false,true,false,false,false,true,Huelva,Huelva,https://www.google.com/maps/search/?api=1&query=Caf%C3%A9%20bar%206%2C25&query_place_id=ChIJY3D7lSzPEQ0RJ9gr3JyVEfE,bares\website-analysis.csv
Bar Restaurante Los Desniveles,Restaurante,Restaurante,2.9,24,,,none,NOT_APPLICABLE,50,19,false,true,false,false,false,true,Huelva,Huelva,https://www.google.com/maps/search/?api=1&query=Bar%20Restaurante%20Los%20Desniveles&query_place_id=ChIJk9JtawDPEQ0R7UD-Tz315yU,bares\website-analysis.csv
ISTANBUL KEBAB HUELVA,Restaurante turco,Restaurante turco,4.9,92,+34 662 05 23 49,https://istanbulkebab.es/,own_website,NOT_APPLICABLE,49,82,false,false,false,false,false,true,Huelva,Huelva,https://www.google.com/maps/search/?api=1&query=ISTANBUL%20KEBAB%20HUELVA&query_place_id=ChIJc4_E4bHPEQ0RSxdNcfpeNu0,bares\website-analysis.csv
MARISCOS TONI,Marisquería,Marisquería,4.8,56,+34 657 83 87 17,https://www.mariscostoni.es/,own_website,GOOD,49,82,false,false,false,false,false,true,Huelva,Huelva,https://www.google.com/maps/search/?api=1&query=MARISCOS%20TONI&query_place_id=ChIJlWK33S3QEQ0Rb_sQ5SoAMBs,bares\website-analysis.csv
La Churreria Omella,Churrería,Churrería,4.7,78,+34 615 88 82 58,https://www.lachurreriaomella.com/,own_website,NOT_APPLICABLE,45,77,false,false,false,false,false,true,Huelva,Huelva,https://www.google.com/maps/search/?api=1&query=La%20Churreria%20Omella&query_place_id=ChIJMa6zveXPEQ0Rt1Df9YloxC4,bares\website-analysis.csv
Carnicería Charcutería El Almacén,Carnicería,Carnicería,4.7,69,+34 642 89 36 92,http://www.carniceriaelalmacen.com/,own_website,GOOD,45,77,false,false,false,false,false,true,Huelva,Huelva,https://www.google.com/maps/search/?api=1&query=Carnicer%C3%ADa%20Charcuter%C3%ADa%20El%20Almac%C3%A9n&query_place_id=ChIJI2CENcDPEQ0RYFrf1JwyKyw,bares\website-analysis.csv
Mariscos Méndez,Mayorista de marisco,Mayorista de marisco,4.5,50,+34 959 28 17 85,http://www.mariscosmendez.com/,own_website,GOOD,45,77,false,false,false,false,false,true,Huelva,Huelva,https://www.google.com/maps/search/?api=1&query=Mariscos%20M%C3%A9ndez&query_place_id=ChIJ-XTbkCrQEQ0RP6EUY2BWu_w,bares\website-analysis.csv
Bar Da & Ly,Bar,Bar,3.8,8,,,none,NOT_APPLICABLE,45,10,false,true,false,false,false,true,Huelva,Huelva,https://www.google.com/maps/search/?api=1&query=Bar%20Da%20%26%20Ly&query_place_id=ChIJ8ds1gr7PEQ0RDUWtZCbfDiI,bares\website-analysis.csv
Tasquita Santa Marta,Cafetería,Cafetería,2.8,6,,,none,NOT_APPLICABLE,45,10,false,true,false,false,false,true,Huelva,Huelva,https://www.google.com/maps/search/?api=1&query=Tasquita%20Santa%20Marta&query_place_id=ChIJoYZoR2fPEQ0RFyuHVxsuyL0,bares\website-analysis.csv
Bar TORONJO,Bar,Bar,3.8,4,,,none,NOT_APPLICABLE,45,10,false,true,false,false,false,true,Huelva,Huelva,https://www.google.com/maps/search/?api=1&query=Bar%20TORONJO&query_place_id=ChIJtZfcDu3PEQ0RVcxp-RFi0AY,bares\website-analysis.csv
Restaurante Bar Arteconsa,,Otros,3.7,3,,,none,NOT_APPLICABLE,45,10,false,true,false,false,false,true,Huelva,Huelva,https://www.google.com/maps/search/?api=1&query=Restaurante%20Bar%20Arteconsa&query_place_id=ChIJG34v18HPEQ0RDraqF7Z9kco,bares\website-analysis.csv
Hermanos Romero & Hildebranda,Cafetería,Cafetería,0,0,,,none,NOT_APPLICABLE,45,10,false,true,false,false,false,true,Huelva,Huelva,https://www.google.com/maps/search/?api=1&query=Hermanos%20Romero%20%26%20Hildebranda&query_place_id=ChIJ9y3evwrPEQ0R6wqiQIRj3xo,bares\website-analysis.csv
Cafetería Heladería Arábica,Cafetería,Cafetería,0,0,,,none,NOT_APPLICABLE,45,10,false,true,false,false,false,true,Huelva,Huelva,https://www.google.com/maps/search/?api=1&query=Cafeter%C3%ADa%20Helader%C3%ADa%20Ar%C3%A1bica&query_place_id=ChIJ95eeMgDPEQ0RPLX4LfxhX28,bares\website-analysis.csv
Contado bar,Cafetería,Cafetería,0,0,,,none,NOT_APPLICABLE,45,10,false,true,false,false,false,true,Huelva,Huelva,https://www.google.com/maps/search/?api=1&query=Contado%20bar&query_place_id=ChIJsxgSumrPEQ0RKC6cyomrrLc,bares\website-analysis.csv
Bar LA Gaviota,Cafetería,Cafetería,0,0,,,none,NOT_APPLICABLE,45,10,false,true,false,false,false,true,Huelva,Huelva,https://www.google.com/maps/search/?api=1&query=Bar%20LA%20Gaviota&query_place_id=ChIJ3TDNPADPEQ0RGYcjRnsd2V0,bares\website-analysis.csv
Churreria Kiosco,Cafetería,Cafetería,0,0,,,none,NOT_APPLICABLE,45,10,false,true,false,false,false,true,Huelva,Huelva,https://www.google.com/maps/search/?api=1&query=Churreria%20Kiosco&query_place_id=ChIJg4ZuQwHPEQ0RTwuE1np3OJs,bares\website-analysis.csv
Bsr El Pati,Cafetería,Cafetería,0,0,,,none,NOT_APPLICABLE,45,10,false,true,false,false,false,true,Huelva,Huelva,https://www.google.com/maps/search/?api=1&query=Bsr%20El%20Pati&query_place_id=ChIJ4VsPdgDPEQ0R-0J0-5cnUkE,bares\website-analysis.csv
Churreria Costa De La Luz,Cafetería,Cafetería,0,0,,,none,NOT_APPLICABLE,45,10,false,true,false,false,false,true,Huelva,Huelva,https://www.google.com/maps/search/?api=1&query=Churreria%20Costa%20De%20La%20Luz&query_place_id=ChIJdaE6dtfPEQ0RHst_P5QxPQA,bares\website-analysis.csv
Bar Esencia,Bar,Bar,0,0,,,none,NOT_APPLICABLE,45,10,false,true,false,false,false,true,Huelva,Huelva,https://www.google.com/maps/search/?api=1&query=Bar%20Esencia&query_place_id=ChIJxy1SLQDPEQ0R-_eCPVGGH5E,bares\website-analysis.csv
Bar Montaito,Bar,Bar,0,0,,,none,NOT_APPLICABLE,45,10,false,true,false,false,false,true,Huelva,Huelva,https://www.google.com/maps/search/?api=1&query=Bar%20Montaito&query_place_id=ChIJ9XO7DJPPEQ0RA8OUgIm3r7Y,bares\website-analysis.csv
Avd de Las Flores,Restaurante de comida rápida,Restaurante de comida rápida,0,0,,,none,NOT_APPLICABLE,45,10,false,true,false,false,false,true,Huelva,Huelva,https://www.google.com/maps/search/?api=1&query=Avd%20de%20Las%20Flores&query_place_id=ChIJrf2kXQDPEQ0RK58knLuSbBo,bares\website-analysis.csv
Salon de Juegos Huelva,Restaurante,Restaurante,0,0,,,none,NOT_APPLICABLE,45,10,false,true,false,false,false,true,Huelva,Huelva,https://www.google.com/maps/search/?api=1&query=Salon%20de%20Juegos%20Huelva&query_place_id=ChIJ8YGUtMbPEQ0RQrcPRAOyHlU,bares\website-analysis.csv
BURGUER CHICHO,Restaurante,Restaurante,0,0,,,none,NOT_APPLICABLE,45,10,false,true,false,false,false,true,Huelva,Huelva,https://www.google.com/maps/search/?api=1&query=BURGUER%20CHICHO&query_place_id=ChIJ-XdVrvrPEQ0R5nnnRzm0spo,bares\website-analysis.csv
Valparaíso (Lateral bar Vaquero),Parada de autobús,Parada de autobús,0,0,,,none,NOT_APPLICABLE,45,10,false,true,false,false,false,true,Huelva,Huelva,https://www.google.com/maps/search/?api=1&query=Valpara%C3%ADso%20(Lateral%20bar%20Vaquero)&query_place_id=ChIJ74821MHPEQ0RLRlXYDrKpeE,bares\website-analysis.csv
Bar Melli E Hijos,,Otros,0,0,,,none,NOT_APPLICABLE,45,10,false,true,false,false,false,true,Huelva,Huelva,https://www.google.com/maps/search/?api=1&query=Bar%20Melli%20E%20Hijos&query_place_id=ChIJ77FhjNvPEQ0RWFEHXVMzBqs,bares\website-analysis.csv
Relojero Express,Relojería,Relojería,4.7,52,+34 666 80 42 78,,none,NOT_APPLICABLE,85,77,true,true,false,false,false,true,Huelva,Huelva,https://www.google.com/maps/search/?api=1&query=Relojero%20Express&query_place_id=ChIJiT6mSI3REQ0R5x8H16nSFgQ,cerrajeros\website-analysis.csv
Talleres Romero Car,Cerrajero,Cerrajería,4.1,40,+34 959 22 67 18,,none,NOT_APPLICABLE,73,59,false,true,false,false,false,true,Huelva,Huelva,https://www.google.com/maps/search/?api=1&query=Talleres%20Romero%20Car&query_place_id=ChIJr3uQpwDQEQ0R7_29aX2HskY,cerrajeros\website-analysis.csv
Cerrajero Huelva | ONUKEYS,Cerrajero,Cerrajería,5,590,+34 613 15 12 12,https://cerrajerohuelvaonukeys.com/,own_website,GOOD,55,100,false,false,false,false,false,true,Huelva,Huelva,https://www.google.com/maps/search/?api=1&query=Cerrajero%20Huelva%20%7C%20ONUKEYS&query_place_id=ChIJQ4_OxT332q4RvkDKG_kOSCM,cerrajeros\website-analysis.csv
Cerrajero Costa de la Luz,Cerrajero,Cerrajería,5,338,+34 656 44 47 00,http://cerrajerocostadelaluz.com/,own_website,GOOD,55,95,false,false,false,false,false,true,Huelva,Huelva,https://www.google.com/maps/search/?api=1&query=Cerrajero%20Costa%20de%20la%20Luz&query_place_id=ChIJ-7TQ3B_QEQ0R8Q2V0lb3Gds,cerrajeros\website-analysis.csv
Onuba Multiservicios,Cerrajero,Cerrajería,1,1,+34 642 30 27 21,,none,NOT_APPLICABLE,55,25,false,true,false,false,false,true,,,https://www.google.com/maps/search/?api=1&query=Onuba%20Multiservicios&query_place_id=ChIJ0_JZq967f0MRwyCgLSpRfqc,cerrajeros\website-analysis.csv
Servicios y Mantenimientos Arenas SL,Cerrajero,Cerrajería,0,0,+34 959 10 06 51,,none,NOT_APPLICABLE,55,25,false,true,false,false,false,true,Huelva,Huelva,https://www.google.com/maps/search/?api=1&query=Servicios%20y%20Mantenimientos%20Arenas%20SL&query_place_id=ChIJZVJoeQHFEQ0Rg9At0BuMomM,cerrajeros\website-analysis.csv
autosportmonkey,Cerrajero,Cerrajería,0,0,+34 644 33 34 74,,none,NOT_APPLICABLE,55,25,false,true,false,false,false,true,,,https://www.google.com/maps/search/?api=1&query=autosportmonkey&query_place_id=ChIJuQAo5MbE6EARW4-qEwqVZcc,cerrajeros\website-analysis.csv
Cerrajero Raúl Tortosa,Cerrajero,Cerrajería,4.9,192,+34 634 81 66 37,https://www.cerrajerodehuelva.com/,own_website,GOOD,52,89,false,false,false,false,false,true,Huelva,Huelva,https://www.google.com/maps/search/?api=1&query=Cerrajero%20Ra%C3%BAl%20Tortosa&query_place_id=ChIJJ33r2wHPEQ0R75WeEIMiJc4,cerrajeros\website-analysis.csv
Cerrajería Huelva,Cerrajero,Cerrajería,4.9,108,+34 674 43 31 76,https://cerrajerohuelva.es/,own_website,GOOD,52,89,false,false,false,false,false,true,Huelva,Huelva,https://www.google.com/maps/search/?api=1&query=Cerrajer%C3%ADa%20Huelva&query_place_id=ChIJBTIvUhnREQ0R-ptAUA5YiwA,cerrajeros\website-analysis.csv
Cerrajeros Velasco Huelva,Cerrajero,Cerrajería,5,57,+34 626 18 12 71,https://cerrajerosvelascohuelva.com/,own_website,GOOD,49,82,false,false,false,false,false,true,Huelva,Huelva,https://www.google.com/maps/search/?api=1&query=Cerrajeros%20Velasco%20Huelva&query_place_id=ChIJJT_HVWE5ImoRIuh64AVal_E,cerrajeros\website-analysis.csv
Onutecni,Proveedor de repuestos de electrodomésticos,Proveedor de repuestos de electrodomésticos,4.9,40,+34 959 22 57 31,,none,NOT_APPLICABLE,84,73,true,true,false,false,false,true,Huelva,Huelva,https://www.google.com/maps/search/?api=1&query=Onutecni&query_place_id=ChIJVRkdpRzQEQ0RUVsVbopGhcI,electricistas\website-analysis.csv
ELECTRICIDAD LUZ DEL ODIEL,Electricista,Electricidad,4.5,25,+34 959 19 83 56,,none,NOT_APPLICABLE,76,59,true,true,false,false,false,true,,,https://www.google.com/maps/search/?api=1&query=ELECTRICIDAD%20LUZ%20DEL%20ODIEL&query_place_id=ChIJ9agrd_SDUWoRkvMOhAORUqM,electricistas\website-analysis.csv
Acotec Porteros,Electricista,Electricidad,5,6,+34 675 50 53 47,,none,NOT_APPLICABLE,75,55,true,true,false,false,false,true,Huelva,Huelva,https://www.google.com/maps/search/?api=1&query=Acotec%20Porteros&query_place_id=ChIJxzLbvRzQEQ0ReFPvNhjgf4g,electricistas\website-analysis.csv
Reformas Colombia,Reformas,Reformas y construcción,5,5,+34 666 95 42 46,,none,NOT_APPLICABLE,75,55,true,true,false,false,false,true,Huelva,Huelva,https://www.google.com/maps/search/?api=1&query=Reformas%20Colombia&query_place_id=ChIJy8UOVVTREQ0RfyvpSOoFZW4,electricistas\website-analysis.csv
TEYVA HUELVA,Electricista,Electricidad,4.8,4,+34 667 97 97 90,,none,NOT_APPLICABLE,75,55,true,true,false,false,false,true,Huelva,Huelva,https://www.google.com/maps/search/?api=1&query=TEYVA%20HUELVA&query_place_id=ChIJS9ecZR3FEQ0R2TtZk6Wcx-c,electricistas\website-analysis.csv
Reformas y Multiservicios JD,Electricista,Electricidad,5,2,+34 640 67 65 72,,none,NOT_APPLICABLE,75,55,true,true,false,false,false,true,Huelva,Huelva,https://www.google.com/maps/search/?api=1&query=Reformas%20y%20Multiservicios%20JD&query_place_id=ChIJwSBVeQzREQ0R7n4Tnp2hs0E,electricistas\website-analysis.csv
Marelec S L,Electricista,Electricidad,5,2,+34 959 27 19 08,,none,NOT_APPLICABLE,75,55,true,true,false,false,false,true,Huelva,Huelva,https://www.google.com/maps/search/?api=1&query=Marelec%20S%20L&query_place_id=ChIJi9_zRSTQEQ0R-8Ws2x7AhIY,electricistas\website-analysis.csv
Eléctrica Diego Pérez,Electricista,Electricidad,5,1,+34 653 02 84 24,,none,NOT_APPLICABLE,75,55,true,true,false,false,false,true,Huelva,Huelva,https://www.google.com/maps/search/?api=1&query=El%C3%A9ctrica%20Diego%20P%C3%A9rez&query_place_id=ChIJBRFCcGfPEQ0RLWpAkKafgGM,electricistas\website-analysis.csv
Electricistas en Huelva - Daniel - Electricistas en Huelva 24H,Electricista,Electricidad,5,1,+34 642 30 06 28,,none,NOT_APPLICABLE,75,55,true,true,false,false,false,true,,,https://www.google.com/maps/search/?api=1&query=Electricistas%20en%20Huelva%20-%20Daniel%20-%20Electricistas%20en%20Huelva%2024H&query_place_id=ChIJ-W0Oq_VYLK4RzYm35gYeU9w,electricistas\website-analysis.csv
Reforbiem,Electricista,Electricidad,5,1,+34 603 58 45 73,,none,NOT_APPLICABLE,75,55,true,true,false,false,false,true,,,https://www.google.com/maps/search/?api=1&query=Reforbiem&query_place_id=ChIJi0p5XNvREQ0RrddlmXqyPmI,electricistas\website-analysis.csv
ELECTRICISTA HUELVA,Electricista,Electricidad,5,23,+34 614 12 76 35,https://www.facebook.com/share/12HmP1sjyXp/,social,NOT_APPLICABLE,73,64,false,false,true,false,false,true,Huelva,Huelva,https://www.google.com/maps/search/?api=1&query=ELECTRICISTA%20HUELVA&query_place_id=ChIJu_MHsqj3bW8R6K9CQEJRPCE,electricistas\website-analysis.csv
Francisco Calderón Jurado,Electricista,Electricidad,4.5,2,+34 959 28 59 44,,none,NOT_APPLICABLE,71,50,false,true,false,false,false,true,Huelva,Huelva,https://www.google.com/maps/search/?api=1&query=Francisco%20Calder%C3%B3n%20Jurado&query_place_id=ChIJpX9wN9vPEQ0Rm8a7jRfofts,electricistas\website-analysis.csv
ACH ELECTRICIDAD,Electricista,Electricidad,3.3,7,+34 628 87 43 61,,none,NOT_APPLICABLE,55,25,false,true,false,false,false,true,Huelva,Huelva,https://www.google.com/maps/search/?api=1&query=ACH%20ELECTRICIDAD&query_place_id=ChIJEdN_5MHPEQ0R-xpV2zQW_Fg,electricistas\website-analysis.csv
Onuba vertical,Constructor,Reformas y construcción,2,4,+34 642 30 27 21,,none,NOT_APPLICABLE,55,25,false,true,false,false,false,true,Huelva,Huelva,https://www.google.com/maps/search/?api=1&query=Onuba%20vertical&query_place_id=ChIJswcM9O7REQ0R3dR3wTsfOX0,electricistas\website-analysis.csv
Eléctricos Escalante,Electricista,Electricidad,2.5,2,+34 664 41 17 89,,none,NOT_APPLICABLE,55,25,false,true,false,false,false,true,Huelva,Huelva,https://www.google.com/maps/search/?api=1&query=El%C3%A9ctricos%20Escalante&query_place_id=ChIJc2fKAjPPEQ0RDUsof7scAfY,electricistas\website-analysis.csv
"J.PEREZ ALONSO,S.L.",Electricista,Electricidad,3,1,+34 959 25 69 47,,none,NOT_APPLICABLE,55,25,false,true,false,false,false,true,Huelva,Huelva,https://www.google.com/maps/search/?api=1&query=J.PEREZ%20ALONSO%2CS.L.&query_place_id=ChIJ0-WycyrQEQ0R_HRaS8MxjeQ,electricistas\website-analysis.csv
Cabling,Electricista,Electricidad,0,0,+34 959 25 00 50,,none,NOT_APPLICABLE,55,25,false,true,false,false,false,true,Huelva,Huelva,https://www.google.com/maps/search/?api=1&query=Cabling&query_place_id=ChIJffd2KCnQEQ0R5YczbInLr5M,electricistas\website-analysis.csv
Instalaciones cascales,Electricista,Electricidad,0,0,+34 608 60 90 96,,none,NOT_APPLICABLE,55,25,false,true,false,false,false,true,Huelva,Huelva,https://www.google.com/maps/search/?api=1&query=Instalaciones%20cascales&query_place_id=ChIJE4PysPrPEQ0RKGB65h5xFL8,electricistas\website-analysis.csv
"servicios electricos s,l",Electricista,Electricidad,0,0,+34 641 22 49 83,,none,NOT_APPLICABLE,55,25,false,true,false,false,false,true,,,https://www.google.com/maps/search/?api=1&query=servicios%20electricos%20s%2Cl&query_place_id=ChIJ8U9mTsXREQ0RbKoFwbkjVBk,electricistas\website-analysis.csv
Electricidad JLT,Electricista,Electricidad,0,0,+34 642 43 19 93,,none,NOT_APPLICABLE,55,25,false,true,false,false,false,true,,,https://www.google.com/maps/search/?api=1&query=Electricidad%20JLT&query_place_id=ChIJPYoyT64EjwMRKnftn7g0Zgg,electricistas\website-analysis.csv
"Instalaciones de Redes del Sur, S.L.L.",Electricista,Electricidad,4,1,,,none,NOT_APPLICABLE,54,26,false,true,false,false,false,true,Huelva,Huelva,https://www.google.com/maps/search/?api=1&query=Instalaciones%20de%20Redes%20del%20Sur%2C%20S.L.L.&query_place_id=ChIJn7phUNvPEQ0RRnDYLJvy8Is,electricistas\website-analysis.csv
MV- Reformas Integrales,Electricista,Electricidad,4.8,158,+34 693 03 95 36,http://www.mv-reformas.com/,own_website,GOOD,52,89,false,false,false,false,false,true,Huelva,Huelva,https://www.google.com/maps/search/?api=1&query=MV-%20Reformas%20Integrales&query_place_id=ChIJLR36oxfPEQ0R1P_HkjyUfD0,electricistas\website-analysis.csv
Montajes Eléctricos Megadel S.L.,Electricista,Electricidad,4.9,99,+34 693 70 29 01,http://www.megadel.es/,own_website,WEAK,49,82,false,false,false,false,true,true,Huelva,Huelva,https://www.google.com/maps/search/?api=1&query=Montajes%20El%C3%A9ctricos%20Megadel%20S.L.&query_place_id=ChIJqX0QycPFEQ0RzKGBsEWDAU0,electricistas\website-analysis.csv
Marvaz - Instalaciones Eléctricas y Telecomunicaciones,Electricista,Electricidad,5,74,+34 652 50 09 12,http://www.instalacionesmarvaz.com/,own_website,OK,49,82,false,false,false,false,false,true,Huelva,Huelva,https://www.google.com/maps/search/?api=1&query=Marvaz%20-%20Instalaciones%20El%C3%A9ctricas%20y%20Telecomunicaciones&query_place_id=ChIJH8mzwVDREQ0RvaoGSZKcj9k,electricistas\website-analysis.csv
24hTodoelectric,Electricista,Electricidad,4.6,212,+34 656 92 87 50,https://24htodoelectric.eu/,own_website,GOOD,48,84,false,false,false,false,false,true,Huelva,Huelva,https://www.google.com/maps/search/?api=1&query=24hTodoelectric&query_place_id=ChIJx4sxQCDQEQ0RLCrjUGfUM8I,electricistas\website-analysis.csv
Electricidad SD,Electricista,Electricidad,0,0,+34 634 47 64 60,https://www.facebook.com/share/166YDPtGTB/,social,NOT_APPLICABLE,48,25,false,false,true,false,false,true,Huelva,Huelva,https://www.google.com/maps/search/?api=1&query=Electricidad%20SD&query_place_id=ChIJD7qmfADREQ0RZqlBNcud5Fw,electricistas\website-analysis.csv
Geosa,Electricista,Electricidad,3.4,5,,,none,NOT_APPLICABLE,45,10,false,true,false,false,false,true,Huelva,Huelva,https://www.google.com/maps/search/?api=1&query=Geosa&query_place_id=ChIJFZenZyrQEQ0RWidd54AJtog,electricistas\website-analysis.csv
Almacen De Fontaneria El Molino,,Fontanería,4.3,12,+34 959 25 23 53,,none,NOT_APPLICABLE,64,50,false,true,false,false,false,true,Huelva,Huelva,https://www.google.com/maps/search/?api=1&query=Almacen%20De%20Fontaneria%20El%20Molino&query_place_id=ChIJX8yZKdbPEQ0RyifhqfvD1Vk,fontaneros\website-analysis.csv
Instalaciones Delgado,Contratista,Reformas y construcción,1,1,+34 900 100 373,,none,NOT_APPLICABLE,55,25,false,true,false,false,false,true,Huelva,Huelva,https://www.google.com/maps/search/?api=1&query=Instalaciones%20Delgado&query_place_id=ChIJwWRrq9_PEQ0Rw1iO8GJb0jY,fontaneros\website-analysis.csv
fermogas soluciones,Fontanero,Fontanería,0,0,+34 663 43 45 33,,none,NOT_APPLICABLE,55,25,false,true,false,false,false,true,,,https://www.google.com/maps/search/?api=1&query=fermogas%20soluciones&query_place_id=ChIJX-hiOKGNhYcR1kfgVwGt-Jw,fontaneros\website-analysis.csv
Fontanero Huelva león,Fontanero,Fontanería,0,0,+34 641 50 67 39,,none,NOT_APPLICABLE,55,25,false,true,false,false,false,true,Huelva,Huelva,https://www.google.com/maps/search/?api=1&query=Fontanero%20Huelva%20le%C3%B3n&query_place_id=ChIJ7baM9d3REQ0RQYr9zFlw2ho,fontaneros\website-analysis.csv
MOLINA SC MATERIAL DE FONTANERIA,Fontanero,Fontanería,0,0,+34 635 50 90 44,,none,NOT_APPLICABLE,55,25,false,true,false,false,false,true,Huelva,Huelva,https://www.google.com/maps/search/?api=1&query=MOLINA%20SC%20MATERIAL%20DE%20FONTANERIA&query_place_id=ChIJh0tqe5jREQ0RUryYLmtIrB0,fontaneros\website-analysis.csv
RIFONSA,,Otros,0,0,+34 959 22 92 77,,none,NOT_APPLICABLE,55,25,false,true,false,false,false,true,Huelva,Huelva,https://www.google.com/maps/search/?api=1&query=RIFONSA&query_place_id=ChIJYYgvnRvQEQ0RfI-0c_qACvM,fontaneros\website-analysis.csv
Fontanero juan arana,Fontanero,Fontanería,0,0,+34 696 54 30 11,,none,NOT_APPLICABLE,55,25,false,true,false,false,false,true,,,https://www.google.com/maps/search/?api=1&query=Fontanero%20juan%20arana&query_place_id=ChIJ8TDTKzb5wg0Rvzy0uBWNM4o,fontaneros\website-analysis.csv
Desatasco Elite,Fontanero,Fontanería,4.9,99,+34 693 58 96 20,https://desatascoelite.es/,own_website,GOOD,49,82,false,false,false,false,false,true,Huelva,Huelva,https://www.google.com/maps/search/?api=1&query=Desatasco%20Elite&query_place_id=ChIJ18KHeq7PEQ0Rk7qhjYVLEb4,fontaneros\website-analysis.csv
Taller Mecánico J.Suarez,Taller mecánico,Automoción,4.8,139,+34 685 86 72 23,,none,NOT_APPLICABLE,92,89,true,true,false,false,false,true,Huelva,Huelva,https://www.google.com/maps/search/?api=1&query=Taller%20Mec%C3%A1nico%20J.Suarez&query_place_id=ChIJ4epH39vPEQ0RcWfc-ZKGt_o,talleres\website-analysis.csv
Auto Mecánica Zafra,Taller de reparación de automóviles,Automoción,4.9,63,+34 959 04 83 53,,none,NOT_APPLICABLE,89,82,true,true,false,false,false,true,Huelva,Huelva,https://www.google.com/maps/search/?api=1&query=Auto%20Mec%C3%A1nica%20Zafra&query_place_id=ChIJmZgs7y7QEQ0RSlnTsHFD9_Y,talleres\website-analysis.csv
Talleres Hermanos Romero Minchon,Taller de reparación de automóviles,Automoción,4.9,50,+34 606 43 82 50,,none,NOT_APPLICABLE,89,82,true,true,false,false,false,true,Huelva,Huelva,https://www.google.com/maps/search/?api=1&query=Talleres%20Hermanos%20Romero%20Minchon&query_place_id=ChIJk2NUFxvQEQ0RBKcf6Igs-cA,talleres\website-analysis.csv
Talleres Asdrubal,Taller de automóviles,Automoción,4.7,86,+34 638 95 35 53,,none,NOT_APPLICABLE,85,77,true,true,false,false,false,true,Huelva,Huelva,https://www.google.com/maps/search/?api=1&query=Talleres%20Asdrubal&query_place_id=ChIJ5XHeox7QEQ0RwruJ1EL5arc,talleres\website-analysis.csv
Monoplato Bike Workshop,Taller de bicicletas,Taller de bicicletas,4.7,74,+34 686 06 89 57,,none,NOT_APPLICABLE,85,77,true,true,false,false,false,true,Huelva,Huelva,https://www.google.com/maps/search/?api=1&query=Monoplato%20Bike%20Workshop&query_place_id=ChIJd0ehmzrREQ0RP-392Y2eK0o,talleres\website-analysis.csv
Tocar Motor SL,Taller de reparación de automóviles,Automoción,4.7,58,+34 959 27 02 12,,none,NOT_APPLICABLE,85,77,true,true,false,false,false,true,Huelva,Huelva,https://www.google.com/maps/search/?api=1&query=Tocar%20Motor%20SL&query_place_id=ChIJh7GD-f_PEQ0RU8omK9IFCNs,talleres\website-analysis.csv
Motos Pepe Taller,Taller de reparación de motos,Automoción,4.5,52,+34 959 81 33 66,,none,NOT_APPLICABLE,85,77,true,true,false,false,false,true,Huelva,Huelva,https://www.google.com/maps/search/?api=1&query=Motos%20Pepe%20Taller&query_place_id=ChIJsTi-ZRfQEQ0RhF0dckK9DZ8,talleres\website-analysis.csv
Mecánica Rápida Carsur,Taller mecánico,Automoción,4.6,51,+34 959 61 07 21,,none,NOT_APPLICABLE,85,77,true,true,false,false,false,true,Huelva,Huelva,https://www.google.com/maps/search/?api=1&query=Mec%C3%A1nica%20R%C3%A1pida%20Carsur&query_place_id=ChIJo6_jTADQEQ0RQUKumdULnnw,talleres\website-analysis.csv
Talleres Vargas C.B.,Taller de reparación de automóviles,Automoción,4.9,42,+34 959 24 27 81,,none,NOT_APPLICABLE,84,73,true,true,false,false,false,true,Huelva,Huelva,https://www.google.com/maps/search/?api=1&query=Talleres%20Vargas%20C.B.&query_place_id=ChIJ2X5HLgfQEQ0RfFmwJWHebuE,talleres\website-analysis.csv
TALLER COAC,Taller mecánico,Automoción,4.8,37,+34 959 24 44 33,,none,NOT_APPLICABLE,84,73,true,true,false,false,false,true,Huelva,Huelva,https://www.google.com/maps/search/?api=1&query=TALLER%20COAC&query_place_id=ChIJaw1njijQEQ0RRNVND00iqSg,talleres\website-analysis.csv
Neumatec,Taller mecánico,Automoción,4.8,72,+34 959 80 30 74,https://www.facebook.com/neumatec.cb,social,NOT_APPLICABLE,82,82,true,false,true,false,false,true,Huelva,Huelva,https://www.google.com/maps/search/?api=1&query=Neumatec&query_place_id=ChIJS_kUlhfQEQ0RuxDx-zFIOms,talleres\website-analysis.csv
AUTOSIRE,Taller de reparación de automóviles,Automoción,4.7,37,+34 959 80 10 96,,none,NOT_APPLICABLE,80,68,true,true,false,false,false,true,Huelva,Huelva,https://www.google.com/maps/search/?api=1&query=AUTOSIRE&query_place_id=ChIJQ7WpngTQEQ0RM0JckNJ_GqU,talleres\website-analysis.csv
Talleres Lauren,Taller de reparación de automóviles,Automoción,4.3,55,+34 959 28 44 12,,none,NOT_APPLICABLE,78,68,true,true,false,false,false,true,Huelva,Huelva,https://www.google.com/maps/search/?api=1&query=Talleres%20Lauren&query_place_id=ChIJhyWU8RDQEQ0RqrZ4WjFIG7g,talleres\website-analysis.csv
Autobox,Taller de automóviles,Automoción,4.9,40,+34 681 16 31 28,https://www.facebook.com/autoboxhuelva/,social,NOT_APPLICABLE,77,73,true,false,true,false,false,true,,Huelva,https://www.google.com/maps/search/?api=1&query=Autobox&query_place_id=ChIJnco6gKnaEQ0R2HFbGck97M0,talleres\website-analysis.csv
TALLER AUTOPRIME,Taller mecánico,Automoción,4.9,35,+34 623 27 98 90,https://www.facebook.com/profile.php?id=100072087495287,social,NOT_APPLICABLE,77,73,true,false,true,false,false,true,Huelva,Huelva,https://www.google.com/maps/search/?api=1&query=TALLER%20AUTOPRIME&query_place_id=ChIJYwDswWXPEQ0RHF82t3rmtII,talleres\website-analysis.csv
Ramón Barba Bernal,Taller de reparación de automóviles,Automoción,4.7,20,+34 959 22 82 19,,none,NOT_APPLICABLE,76,59,true,true,false,false,false,true,Huelva,Huelva,https://www.google.com/maps/search/?api=1&query=Ram%C3%B3n%20Barba%20Bernal&query_place_id=ChIJCaYEIQPQEQ0Rq4e5rgKnPqg,talleres\website-analysis.csv
El Alemán Taller Mecánico,Taller mecánico,Automoción,5,1,+34 672 12 61 61,,none,NOT_APPLICABLE,75,55,true,true,false,false,false,true,Huelva,Huelva,https://www.google.com/maps/search/?api=1&query=El%20Alem%C3%A1n%20Taller%20Mec%C3%A1nico&query_place_id=ChIJHwGDaJTREQ0RofW-1O7V3tE,talleres\website-analysis.csv
Taller Perlita,Taller mecánico,Automoción,5,24,+34 622 10 23 96,https://www.facebook.com/TallerPerlita/,social,NOT_APPLICABLE,73,64,false,false,true,false,false,true,Huelva,Huelva,https://www.google.com/maps/search/?api=1&query=Taller%20Perlita&query_place_id=ChIJwXFPAkDREQ0Rsb4kvFL_Q0M,talleres\website-analysis.csv
Am Motor,Taller de reparación de automóviles,Automoción,4.3,31,+34 661 31 67 92,,none,NOT_APPLICABLE,73,59,false,true,false,false,false,true,Huelva,Huelva,https://www.google.com/maps/search/?api=1&query=Am%20Motor&query_place_id=ChIJbUbFYADQEQ0RwGwDaDnTDOI,talleres\website-analysis.csv
Talleres Iglesias (Mecanica),Taller de automóviles,Automoción,4.5,17,+34 630 40 21 70,,none,NOT_APPLICABLE,71,59,false,true,false,false,false,true,Huelva,Huelva,https://www.google.com/maps/search/?api=1&query=Talleres%20Iglesias%20(Mecanica)&query_place_id=ChIJhSjoTNjPEQ0RNvQxEUKfTVQ,talleres\website-analysis.csv
Motrio,Taller mecánico,Automoción,4.7,3,+34 959 28 52 17,,none,NOT_APPLICABLE,71,50,false,true,false,false,false,true,Huelva,Huelva,https://www.google.com/maps/search/?api=1&query=Motrio&query_place_id=ChIJKdPtRSTQEQ0R_cC95b_1mFw,talleres\website-analysis.csv
Talleres JR Romero,Taller mecánico,Automoción,3.7,55,+34 959 80 53 87,,none,NOT_APPLICABLE,69,52,false,true,false,false,false,true,Huelva,Huelva,https://www.google.com/maps/search/?api=1&query=Talleres%20JR%20Romero&query_place_id=ChIJFyUsADDQEQ0RJcss8WIr_II,talleres\website-analysis.csv
Hermanos Silva de Lara,Taller mecánico,Automoción,5,1,,,none,NOT_APPLICABLE,65,40,false,true,false,false,false,true,Huelva,Huelva,https://www.google.com/maps/search/?api=1&query=Hermanos%20Silva%20de%20Lara&query_place_id=ChIJZ6CFbhvQEQ0RpZSy75trB6k,talleres\website-analysis.csv
Recambios Cortegana,Taller mecánico,Automoción,3.8,4,+34 959 13 11 33,,none,NOT_APPLICABLE,55,25,false,true,false,false,false,true,Huelva,Huelva,https://www.google.com/maps/search/?api=1&query=Recambios%20Cortegana&query_place_id=ChIJFeBZ0xjQEQ0R3C8jG_2cK9s,talleres\website-analysis.csv
Mecánica Pichardo,Taller mecánico,Automoción,1,2,+34 686 65 63 64,,none,NOT_APPLICABLE,55,25,false,true,false,false,false,true,Huelva,Huelva,https://www.google.com/maps/search/?api=1&query=Mec%C3%A1nica%20Pichardo&query_place_id=ChIJZXDSWQ_REQ0RrozoH_S-tfQ,talleres\website-analysis.csv
Talleres Flores Autohuelva - Bosch Car Service,Taller mecánico,Automoción,4.5,645,+34 959 22 50 12,http://www.talleresfloreshuelva.com/,own_website,GOOD,51,95,false,false,false,false,false,true,Huelva,Huelva,https://www.google.com/maps/search/?api=1&query=Talleres%20Flores%20Autohuelva%20-%20Bosch%20Car%20Service&query_place_id=ChIJWex3mADQEQ0RDeJasbJIUIQ,talleres\website-analysis.csv
Carglass,Taller mecánico,Automoción,4.7,357,+34 959 46 23 46,https://www.carglass.es/localizaciones/huelva-alemania?utm_campaign=Carglass_Organic_GMB_Taller&utm_creative_format=text&utm_medium=organic&utm_source=google,own_website,GOOD,51,90,false,false,false,false,false,true,Huelva,Huelva,https://www.google.com/maps/search/?api=1&query=Carglass&query_place_id=ChIJBdm2LS_QEQ0Rg7Hj-1mlMBY,talleres\website-analysis.csv
Carglass,Taller mecánico,Automoción,4.5,333,+34 959 46 23 46,https://www.carglass.es/localizaciones/huelva-andalucia?utm_campaign=Carglass_Organic_GMB_Taller&utm_creative_format=text&utm_medium=organic&utm_source=google,own_website,GOOD,51,90,false,false,false,false,false,true,Huelva,Huelva,https://www.google.com/maps/search/?api=1&query=Carglass&query_place_id=ChIJu2uRJiDQEQ0RACd8ocDsgvo,talleres\website-analysis.csv
Melomotor,Concesionario de motos,Concesionario de motos,4.5,300,+34 959 23 16 99,http://www.melomotor.com/,own_website,GOOD,51,90,false,false,false,false,false,true,Huelva,Huelva,https://www.google.com/maps/search/?api=1&query=Melomotor&query_place_id=ChIJ90ohxMjtEQ0RIP3JBEICMqw,talleres\website-analysis.csv
Martin Sport Taller Mecánico Huelva,Taller mecánico,Automoción,4.9,88,+34 680 41 10 68,http://martinsport.es/,own_website,GOOD,49,82,false,false,false,false,false,true,Huelva,Huelva,https://www.google.com/maps/search/?api=1&query=Martin%20Sport%20Taller%20Mec%C3%A1nico%20Huelva&query_place_id=ChIJdeOvhc_FEQ0RNJSFnNCgV4E,talleres\website-analysis.csv
TALLER AUTO CONFIANZA,Taller de reparación de automóviles,Automoción,4.8,74,+34 959 81 68 66,http://www.tallerautoconfianza.com/,own_website,GOOD,49,82,false,false,false,false,false,true,Huelva,Huelva,https://www.google.com/maps/search/?api=1&query=TALLER%20AUTO%20CONFIANZA&query_place_id=ChIJadVaOtjPEQ0RFKcSrHgZSMo,talleres\website-analysis.csv
Espamovil,Taller mecánico,Automoción,4.8,72,+34 959 26 20 32,http://www.espamovil.com/,own_website,WEAK,49,82,false,false,false,false,true,true,Huelva,Huelva,https://www.google.com/maps/search/?api=1&query=Espamovil&query_place_id=ChIJpZmW2yHQEQ0RPVrPMvFdTWQ,talleres\website-analysis.csv
Agroflora Onuba,Taller mecánico,Automoción,4.8,56,+34 959 26 29 40,https://www.agrofloraonuba.es/,own_website,NOT_APPLICABLE,49,82,false,false,false,false,false,true,Huelva,Huelva,https://www.google.com/maps/search/?api=1&query=Agroflora%20Onuba&query_place_id=ChIJYzF1uCHQEQ0Rbfqccq27Xek,talleres\website-analysis.csv
"Talleres Hubert, S.L.",Taller de automóviles,Automoción,4.7,113,+34 656 57 44 88,https://tallereshubert.com/,own_website,OK,48,84,false,false,false,false,false,true,Huelva,Huelva,https://www.google.com/maps/search/?api=1&query=Talleres%20Hubert%2C%20S.L.&query_place_id=ChIJZwleyRDQEQ0Rr-qdL1PTR4Y,talleres\website-analysis.csv
Neumáticos Jovicar,Taller mecánico,Automoción,4.7,94,+34 601 19 62 47,https://www.jovicartallerhuelva.es/,own_website,GOOD,45,77,false,false,false,false,false,true,Huelva,Huelva,https://www.google.com/maps/search/?api=1&query=Neum%C3%A1ticos%20Jovicar&query_place_id=ChIJJbuYKBzQEQ0RRHSvS4mzPqs,talleres\website-analysis.csv
Talleres Sergio Vehículos Alta Gama,Taller mecánico,Automoción,4.7,82,+34 675 76 89 29,https://www.tuwebmovil.es/empresa/talleres-sergio-vehiculos-alta-gama/,own_website,GOOD,45,77,false,false,false,false,false,true,Huelva,Huelva,https://www.google.com/maps/search/?api=1&query=Talleres%20Sergio%20Veh%C3%ADculos%20Alta%20Gama&query_place_id=ChIJM9TkpyfREQ0RwNcABSFxFqI,talleres\website-analysis.csv
Lavados y Engrases Huelva SL,Taller de reparación de automóviles,Automoción,4.5,77,+34 959 28 52 17,https://www.tuwebmovil.es/empresa/lavados-y-engrases-huelva/,own_website,GOOD,45,77,false,false,false,false,false,true,Huelva,Huelva,https://www.google.com/maps/search/?api=1&query=Lavados%20y%20Engrases%20Huelva%20SL&query_place_id=ChIJjx2KRSTQEQ0RMgFsf0hplf0,talleres\website-analysis.csv
El Niño Hub - Reparar Patinetes Huelva,Taller mecánico,Automoción,1,1,,,none,NOT_APPLICABLE,45,10,false,true,false,false,false,true,Huelva,Huelva,https://www.google.com/maps/search/?api=1&query=El%20Ni%C3%B1o%20Hub%20-%20Reparar%20Patinetes%20Huelva&query_place_id=ChIJswLnGXjREQ0Rnb363KXfy8c,talleres\website-analysis.csv