"title","totalScore","reviewsCount","street","city","state","countryCode","website","phone","categories/0","categories/1","categories/2","categories/3","categories/4","categories/5","categories/6","categories/7","categories/8","categories/9","url","categoryName"
"La choza de Vargas","4.8","135","Parque huelva empresarial nave 28-29","Huelva","Huelva","ES",,"+34 607 53 39 65","Restaurante",,,,,,,,,,"https://www.google.com/maps/search/?api=1&query=La%20choza%20de%20Vargas&query_place_id=ChIJA295rBHFEQ0Rn2bkkUS1iew","Restaurante"
"Restaurante La Nicoba","4.6","98","A-5000-R","Huelva","Huelva","ES",,"+34 697 81 72 79","Restaurante",,,,,,,,,,"https://www.google.com/maps/search/?api=1&query=Restaurante%20La%20Nicoba&query_place_id=ChIJj7MamwXFEQ0RnSJadozn3zY","Restaurante"
"Raymi Cafetería Pub","4.5","299","C. Diego de Almagro, 7","Huelva","Huelva","ES",,"","Cafetería",,,,,,,,,,"https://www.google.com/maps/search/?api=1&query=Raymi%20Cafeter%C3%ADa%20Pub&query_place_id=ChIJM5qbldfPEQ0RfNeTAWxXX6I","Cafetería"
"Bar Costa de la Luz","4.2","169","Av. Costa de la Luz, 4","Huelva","Huelva","ES",,"+34 667 06 09 16","Cafetería",,,,,,,,,,"https://www.google.com/maps/search/?api=1&query=Bar%20Costa%20de%20la%20Luz&query_place_id=ChIJB2GKg9fPEQ0RCbpDX6q-euM","Cafetería"
"Pastelería Cafetería Forno Portugués","4.5","413","Barriada Humilladero de la Cinta, 98B","Huelva","Huelva","ES","https://mapyo.me/pastelera-cafetera-forno-portugues-455158-es","+34 640 91 31 82","Cafetería",,,,,,,,,,"https://www.google.com/maps/search/?api=1&query=Pasteler%C3%ADa%20Cafeter%C3%ADa%20Forno%20Portugu%C3%A9s&query_place_id=ChIJY-SZY8TPEQ0RVZKzbCkW2Sw","Cafetería"
"Cafetería Snif Heladería","4.5","74","C. Diego de Almagro, 14","Huelva","Huelva","ES",,"","Heladería","Cafetería",,,,,,,,,"https://www.google.com/maps/search/?api=1&query=Cafeter%C3%ADa%20Snif%20Helader%C3%ADa&query_place_id=ChIJT3N7ltfPEQ0Rk9NdvCuNyBY","Heladería"
"Cafetería Inés María Domínguez de la Rosa","3.6","17","Av. de Cristóbal Colón, 103","Huelva","Huelva","ES",,"+34 959 80 29 33","Cafetería",,,,,,,,,,"https://www.google.com/maps/search/?api=1&query=Cafeter%C3%ADa%20In%C3%A9s%20Mar%C3%ADa%20Dom%C3%ADnguez%20de%20la%20Rosa&query_place_id=ChIJLeD1NNrPEQ0REEptu3rzv8c","Cafetería"
"Cafetería El Viejo Molino","4.1","297","C. Adriano, 1","Huelva","Huelva","ES","https://cafeteriaelviejomolino.tucartadigital.com/","+34 667 07 16 49","Cafetería",,,,,,,,,,"https://www.google.com/maps/search/?api=1&query=Cafeter%C3%ADa%20El%20Viejo%20Molino&query_place_id=ChIJu_veK9bPEQ0R9sr2aYrY0aQ","Cafetería"
"Café-Burger Desavio La Abuela","4.1","9","C. Juan Valera, 4","Huelva","Huelva","ES",,"+34 614 11 86 60","Cafetería","Panadería","Hamburguesería",,,,,,,,"https://www.google.com/maps/search/?api=1&query=Caf%C3%A9-Burger%20Desavio%20La%20Abuela&query_place_id=ChIJOTCdy_HPEQ0R6r6LR16YTp0","Cafetería"
"Platero Terraza Bar","3.9","1523","Avenida de la Flores 115 Rotonda Entrada Hospital Juan Ramón Jiménez","Huelva","Huelva","ES",,"+34 687 78 26 90","Bar de tapas","Cafetería",,,,,,,,,"https://www.google.com/maps/search/?api=1&query=Platero%20Terraza%20Bar&query_place_id=ChIJ20xbCPHPEQ0R0E0yiSogxuo","Bar de tapas"
"Bar Cafetería El Ancla","4.3","72","C. Hermano Carlos Obrero de Maria, 4","Huelva","Huelva","ES",,"","Cafetería","Bar",,,,,,,,,"https://www.google.com/maps/search/?api=1&query=Bar%20Cafeter%C3%ADa%20El%20Ancla&query_place_id=ChIJobBrucTPEQ0RwFT8nDT-tKs","Cafetería"
"Sala de juegos París","4.2","62","C. Elena Montagut, 5","Huelva","Huelva","ES",,"","Cafetería",,,,,,,,,,"https://www.google.com/maps/search/?api=1&query=Sala%20de%20juegos%20Par%C3%ADs&query_place_id=ChIJMxM9BMLPEQ0R0xIN-RClFco","Cafetería"
"Café - Bar La Salina","2.8","33","C. Punta Umbría","Huelva","Huelva","ES",,"","Bar",,,,,,,,,,"https://www.google.com/maps/search/?api=1&query=Caf%C3%A9%20-%20Bar%20La%20Salina&query_place_id=ChIJf3K5ddfPEQ0RjDoYUExb8hs","Bar"
"Cafetería La Góndola Onubense S.L.","4.4","506","Av. de Diego Morón, 4","Huelva","Huelva","ES",,"+34 959 15 15 01","Churrería","Bar","Cafetería",,,,,,,,"https://www.google.com/maps/search/?api=1&query=Cafeter%C3%ADa%20La%20G%C3%B3ndola%20Onubense%20S.L.&query_place_id=ChIJw2qctO7PEQ0Rnfwmvn_W8Js","Churrería"
"Café bar 6,25","2.8","26","C. Río de la Plata, 2","Huelva","Huelva","ES",,"","Cafetería",,,,,,,,,,"https://www.google.com/maps/search/?api=1&query=Caf%C3%A9%20bar%206%2C25&query_place_id=ChIJY3D7lSzPEQ0RJ9gr3JyVEfE","Cafetería"
"Salón de Juegos Café Bar Artesanos","4.4","49","C. Artesanos, 9","Huelva","Huelva","ES","http://www.seronuba.es/","+34 959 15 09 76","Cafetería","Bar","Salón recreativo",,,,,,,,"https://www.google.com/maps/search/?api=1&query=Sal%C3%B3n%20de%20Juegos%20Caf%C3%A9%20Bar%20Artesanos&query_place_id=ChIJpQrBw-jPEQ0R-gP_xsEMsxs","Cafetería"
"La Florida Huelva","4.3","646","Cam. del Saladillo","Huelva","Huelva","ES","https://www.facebook.com/lafloridahuelva/","+34 672 07 84 05","Cafetería","Bar restaurante",,,,,,,,,"https://www.google.com/maps/search/?api=1&query=La%20Florida%20Huelva&query_place_id=ChIJ4XAubYzPEQ0RdeWl2qjN-ow","Cafetería"
"Cafetería de la Residencia de mayores (La Orden)","4.3","6","C. Artesanos, 18","Huelva","Huelva","ES",,"","Cafetería",,,,,,,,,,"https://www.google.com/maps/search/?api=1&query=Cafeter%C3%ADa%20de%20la%20Residencia%20de%20mayores%20(La%20Orden)&query_place_id=ChIJn_auia3PEQ0RZZI1pYmLCH8","Cafetería"
"Bar la Bodeguita II","3.5","2","C. Severo Ochoa, 30","Huelva","Huelva","ES",,"+34 632 19 83 77","Cafetería",,,,,,,,,,"https://www.google.com/maps/search/?api=1&query=Bar%20la%20Bodeguita%20II&query_place_id=ChIJf-ZSazTPEQ0RI5djVgfPbBQ","Cafetería"
"Bar Cafetería Euro","4.1","267","Av. de Andalucía, 90","Huelva","Huelva","ES",,"","Bar","Cafetería",,,,,,,,,"https://www.google.com/maps/search/?api=1&query=Bar%20Cafeter%C3%ADa%20Euro&query_place_id=ChIJh3Y6bOPPEQ0R11oGNCkNbyY","Bar"
"Taberna Los Compadres Verdeluz","4.6","39","Plaza Sta. Raquel, 16","Huelva","Huelva","ES",,"+34 614 62 80 84","Taberna",,,,,,,,,,"https://www.google.com/maps/search/?api=1&query=Taberna%20Los%20Compadres%20Verdeluz&query_place_id=ChIJVxj6ln7PEQ0RtWaDZ5Ygi1k","Taberna"
"La Tribu","4.6","2469","Av. de Andalucía","Huelva","Huelva","ES","https://restaurante.covermanager.com/la-tribu/","+34 689 61 52 69","Bar de tapas","Restaurante",,,,,,,,,"https://www.google.com/maps/search/?api=1&query=La%20Tribu&query_place_id=ChIJTevhunfPEQ0R39uVVg18t34","Bar de tapas"
"Bar Cafetería Málaga","3.6","77","C. Málaga, 2","Huelva","Huelva","ES","http://www.seronuba.es/","+34 959 81 97 82","Cafetería","Bar","Salón recreativo",,,,,,,,"https://www.google.com/maps/search/?api=1&query=Bar%20Cafeter%C3%ADa%20M%C3%A1laga&query_place_id=ChIJAbAzu9_PEQ0RXCMJTqygK38","Cafetería"
"Churreria La Parada","4.4","243","Av. de Cristóbal Colón, 127","Huelva","Huelva","ES",,"","Bar",,,,,,,,,,"https://www.google.com/maps/search/?api=1&query=Churreria%20La%20Parada&query_place_id=ChIJhweaBdvPEQ0RMgqNBtE9IbQ","Bar"
"Bar Cafetería Esencia","4.3","7","Plaza Sta. Raquel","Huelva","Huelva","ES",,"","Bar",,,,,,,,,,"https://www.google.com/maps/search/?api=1&query=Bar%20Cafeter%C3%ADa%20Esencia&query_place_id=ChIJvR6YCDrTEQ0R6n15dgzdmFo","Bar"
"Salón de Juegos Café Bar Las Colonias","4","49","Av. de Cristóbal Colón, 74","Huelva","Huelva","ES","http://www.seronuba.es/","+34 959 28 40 75","Cafetería","Bar","Salón recreativo",,,,,,,,"https://www.google.com/maps/search/?api=1&query=Sal%C3%B3n%20de%20Juegos%20Caf%C3%A9%20Bar%20Las%20Colonias&query_place_id=ChIJi2r4K9rPEQ0RpWeJz71C6AI","Cafetería"
"Cafetería Heladeria Piranchelo","4.2","564","C. Río de la Plata, 1","Huelva","Huelva","ES","https://mapyo.me/cafetera-heladeria-piranchelo-784504-es","+34 959 15 00 90","Cafetería","Bufé de dulces y repostería","Heladería",,,,,,,,"https://www.google.com/maps/search/?api=1&query=Cafeter%C3%ADa%20Heladeria%20Piranchelo&query_place_id=ChIJC7ydFcLPEQ0RtZgO04gt7xI","Cafetería"
"Hermanos Romero & Hildebranda",,,"C. Tres Carabelas, 23","Huelva","Huelva","ES",,"","Cafetería",,,,,,,,,,"https://www.google.com/maps/search/?api=1&query=Hermanos%20Romero%20%26%20Hildebranda&query_place_id=ChIJ9y3evwrPEQ0R6wqiQIRj3xo","Cafetería"
"Bar Los Gonzalez","4.8","15","Pl. de los Descubridores, s/n","Huelva","Huelva","ES",,"","Bar restaurante",,,,,,,,,,"https://www.google.com/maps/search/?api=1&query=Bar%20Los%20Gonzalez&query_place_id=ChIJO0kRgprPEQ0RQllkyER5KQo","Bar restaurante"
"Bar Cafetería El Cortijero","4.1","47","Plaza Andévalo, numero 4","Huelva","Huelva","ES",,"","Bar",,,,,,,,,,"https://www.google.com/maps/search/?api=1&query=Bar%20Cafeter%C3%ADa%20El%20Cortijero&query_place_id=ChIJBxSf_3nPEQ0RQoKCEQ_Bjrs","Bar"
"Café bar El sitio","4.3","288","C. Severo Ochoa, 16","Huelva","Huelva","ES","https://www.cafebarelsitio.es/","+34 649 29 35 03","Bar","Bar restaurante","Restaurante de desayunos","Cafetería","Restaurante mediterráneo","Restaurante","Brasería","Bar de tapas",,,"https://www.google.com/maps/search/?api=1&query=Caf%C3%A9%20bar%20El%20sitio&query_place_id=ChIJ1ZQ3_WnPEQ0RxAKejvqxxoQ","Bar"
"La Churreria","4.2","295","C. Río de la Plata, 23","Huelva","Huelva","ES",,"+34 655 62 37 09","Cafetería",,,,,,,,,,"https://www.google.com/maps/search/?api=1&query=La%20Churreria&query_place_id=ChIJpcqW1sHPEQ0R58w58LxZ0Ho","Cafetería"
"Salon de Juegos Café Bar Toledo","3.9","135","C. Alcalde Antonio Segovia, 5","Huelva","Huelva","ES","http://www.seronuba.es/","+34 959 65 11 15","Cafetería","Bar","Salón recreativo",,,,,,,,"https://www.google.com/maps/search/?api=1&query=Salon%20de%20Juegos%20Caf%C3%A9%20Bar%20Toledo&query_place_id=ChIJtboaNeDPEQ0RImucqxb9Lwk","Cafetería"
"Bar Restaurante Los Desniveles","2.9","24","Av. de Diego Morón, 66","Huelva","Huelva","ES",,"","Restaurante","Cafetería",,,,,,,,,"https://www.google.com/maps/search/?api=1&query=Bar%20Restaurante%20Los%20Desniveles&query_place_id=ChIJk9JtawDPEQ0R7UD-Tz315yU","Restaurante"
"Cafetería Heladería Arábica",,,"C. Villa Mundaka, 3","Huelva","Huelva","ES",,"","Cafetería",,,,,,,,,,"https://www.google.com/maps/search/?api=1&query=Cafeter%C3%ADa%20Helader%C3%ADa%20Ar%C3%A1bica&query_place_id=ChIJ95eeMgDPEQ0RPLX4LfxhX28","Cafetería"
"Bar Blanca Paloma","4.7","23","Av. de Diego Morón, 14","Huelva","Huelva","ES","https://www.barblancapalomahuelva.es/","+34 662 53 80 96","Bar restaurante","Restaurante","Bar de tapas",,,,,,,,"https://www.google.com/maps/search/?api=1&query=Bar%20Blanca%20Paloma&query_place_id=ChIJ-0Vc6KHPEQ0Rprny9XAfigU","Bar restaurante"
"Bar Cafetería La Carpa","3.7","1031","Av. de Andalucía","Huelva","Huelva","ES","https://www.facebook.com/BarLaCarpa/","+34 959 29 02 04","Cafetería","Bar",,,,,,,,,"https://www.google.com/maps/search/?api=1&query=Bar%20Cafeter%C3%ADa%20La%20Carpa&query_place_id=ChIJGQraQ-PPEQ0RAWlGGFuflAg","Cafetería"
"La Churreria Omella","4.7","78","Plaza Amparo Correa Beltrán, 3","Huelva","Huelva","ES","https://www.lachurreriaomella.com/","+34 615 88 82 58","Churrería","Cafetería",,,,,,,,,"https://www.google.com/maps/search/?api=1&query=La%20Churreria%20Omella&query_place_id=ChIJMa6zveXPEQ0Rt1Df9YloxC4","Churrería"
"Cafetería Heladería La Flamenca","4.1","56","Av. Santa Marta, 41b","Huelva","Huelva","ES",,"+34 959 82 89 58","Heladería",,,,,,,,,,"https://www.google.com/maps/search/?api=1&query=Cafeter%C3%ADa%20Helader%C3%ADa%20La%20Flamenca&query_place_id=ChIJPXKip7_PEQ0RKpJ9k-hZBLU","Heladería"
"CHURRERÍA MADRID CAFETERÍA","4.1","290","Pl. Huerto Paco, 1","Huelva","Huelva","ES",,"","Churrería","Cafetería",,,,,,,,,"https://www.google.com/maps/search/?api=1&query=CHURRER%C3%8DA%20MADRID%20CAFETER%C3%8DA&query_place_id=ChIJyx7J2t_PEQ0Rst2MAfm66C8","Churrería"
"Restaurante Góndola","4.2","380","Av. de Diego Morón, 10","Huelva","Huelva","ES",,"","Restaurante","Bar","Restaurante mediterráneo",,,,,,,,"https://www.google.com/maps/search/?api=1&query=Restaurante%20G%C3%B3ndola&query_place_id=ChIJUakpb-nPEQ0RmW4LT4tG40M","Restaurante"
"Nuevo Bar Madrid","4.3","194","Av. San Antonio, 30","Huelva","Huelva","ES","https://esplace.me/nuevo-bar-madrid-822869-es","+34 627 47 86 16","Bar restaurante","Churrería","Cafetería","Restaurante de comida para llevar",,,,,,,"https://www.google.com/maps/search/?api=1&query=Nuevo%20Bar%20Madrid&query_place_id=ChIJaWG3xd_PEQ0RfQ3iNDF8CLU","Bar restaurante"
"Zorro Viejo Huelva","4.6","1494","C. Fenicios, 25","Huelva","Huelva","ES","https://www.numier.com/carta-digital/carta/zorroviejo/home","+34 959 60 65 15","Restaurante",,,,,,,,,,"https://www.google.com/maps/search/?api=1&query=Zorro%20Viejo%20Huelva&query_place_id=ChIJxZdMMZbPEQ0RCoSGkPmapNE","Restaurante"
"Contado bar",,,"Av. de Cristóbal Colón","Huelva","Huelva","ES",,"","Cafetería",,,,,,,,,,"https://www.google.com/maps/search/?api=1&query=Contado%20bar&query_place_id=ChIJsxgSumrPEQ0RKC6cyomrrLc","Cafetería"
"Terraza-Bar La Hispanidad","4.4","1504","C. Chucena, 24","Huelva","Huelva","ES",,"+34 959 25 69 02","Bar de tapas",,,,,,,,,,"https://www.google.com/maps/search/?api=1&query=Terraza-Bar%20La%20Hispanidad&query_place_id=ChIJD0X1G-HPEQ0RahZW-jaLknc","Bar de tapas"
"Taberna Los Compadres - Huelva","4.3","116","Pl. de Cañaveral de León, 7","Huelva","Huelva","ES","https://www.facebook.com/tabernaloscompadres/","+34 685 58 46 20","Cafetería","Taberna","Bar de tapas",,,,,,,,"https://www.google.com/maps/search/?api=1&query=Taberna%20Los%20Compadres%20-%20Huelva&query_place_id=ChIJt1N8BTLPEQ0RZf44pQEkhdw","Cafetería"
"Bar LA Gaviota",,,"Av. de Diego Morón","Huelva","Huelva","ES",,"","Cafetería",,,,,,,,,,"https://www.google.com/maps/search/?api=1&query=Bar%20LA%20Gaviota&query_place_id=ChIJ3TDNPADPEQ0RGYcjRnsd2V0","Cafetería"
"Churreria Kiosco",,,"Av. de Cristóbal Colón","Huelva","Huelva","ES",,"","Cafetería",,,,,,,,,,"https://www.google.com/maps/search/?api=1&query=Churreria%20Kiosco&query_place_id=ChIJg4ZuQwHPEQ0RTwuE1np3OJs","Cafetería"
"Bsr El Pati",,,"C. Tres Carabelas","Huelva","Huelva","ES",,"","Cafetería",,,,,,,,,,"https://www.google.com/maps/search/?api=1&query=Bsr%20El%20Pati&query_place_id=ChIJ4VsPdgDPEQ0R-0J0-5cnUkE","Cafetería"
"Tasquita Santa Marta","2.8","6","Av. Santa Marta","Huelva","Huelva","ES",,"","Cafetería",,,,,,,,,,"https://www.google.com/maps/search/?api=1&query=Tasquita%20Santa%20Marta&query_place_id=ChIJoYZoR2fPEQ0RFyuHVxsuyL0","Cafetería"
"Amor Amar Puerto","4.6","755","Av. de Enlace, 48","Huelva","Huelva","ES",,"+34 652 70 22 11","Restaurante",,,,,,,,,,"https://www.google.com/maps/search/?api=1&query=Amor%20Amar%20Puerto&query_place_id=ChIJ0XbkKcnPEQ0RKbMqbWqYYoY","Restaurante"
"Taberna El Lepero.","4.4","900","C. Diego de Almagro, 17","Huelva","Huelva","ES","https://mapyo.me/taberna-el-lepero-285240-es","+34 644 18 72 07","Restaurante","Bar restaurante","Taberna",,,,,,,,"https://www.google.com/maps/search/?api=1&query=Taberna%20El%20Lepero.&query_place_id=ChIJU12CytfPEQ0Roh1F5js5eX8","Restaurante"
"Bar Buena vida Huelva","4.5","363","C. Escritor Luis Manzano, 14","Huelva","Huelva","ES",,"+34 637 57 04 56","Restaurante",,,,,,,,,,"https://www.google.com/maps/search/?api=1&query=Bar%20Buena%20vida%20Huelva&query_place_id=ChIJJXuXpoTPEQ0RhQIhZ61DU8g","Restaurante"
"El Mercado Ciudad del Marisco","4.4","208","Av. de Enlace, bajo","Huelva","Huelva","ES",,"+34 692 41 21 36","Restaurante",,,,,,,,,,"https://www.google.com/maps/search/?api=1&query=El%20Mercado%20Ciudad%20del%20Marisco&query_place_id=ChIJLct8yKXPEQ0Rx2JyrfUdsGc","Restaurante"
"Albero Gastro y Folklore","4.3","457","Av. de Cristóbal Colón, 2","Huelva","Huelva","ES",,"+34 680 93 76 44","Bar restaurante","Restaurante mediterráneo","Restaurante de cocina española",,,,,,,,"https://www.google.com/maps/search/?api=1&query=Albero%20Gastro%20y%20Folklore&query_place_id=ChIJN2NRFNjPEQ0RuHFDp_jfipo","Bar restaurante"
"Churreria Costa De La Luz",,,"C. Punta Umbría, 9","Huelva","Huelva","ES",,"","Cafetería",,,,,,,,,,"https://www.google.com/maps/search/?api=1&query=Churreria%20Costa%20De%20La%20Luz&query_place_id=ChIJdaE6dtfPEQ0RHst_P5QxPQA","Cafetería"
"Bar la piscina del molino","4.9","9","C. Punta Umbría","Huelva","Huelva","ES","https://www.instagram.com/barlapiscina.huelva?igsh=cTYzMjFxc3lqOWdp&utm_source=qr","+34 859 99 75 57","Bar",,,,,,,,,,"https://www.google.com/maps/search/?api=1&query=Bar%20la%20piscina%20del%20molino&query_place_id=ChIJO3WxrtPPEQ0R6h3qI2fNo1Q","Bar"
"Bar Diego","5","4","C. Águila Imperial","Huelva","Huelva","ES",,"","Bar",,,,,,,,,,"https://www.google.com/maps/search/?api=1&query=Bar%20Diego&query_place_id=ChIJVTVgNgDPEQ0RF1m-5kvOoGk","Bar"
"Bar Río Odiel","5","4","Av. Costa de la Luz, Blq 5","Huelva","Huelva","ES",,"","Bar",,,,,,,,,,"https://www.google.com/maps/search/?api=1&query=Bar%20R%C3%ADo%20Odiel&query_place_id=ChIJN16Ja2DPEQ0RRvVRfCYlsNM","Bar"
"Bar Er Kalañés","4.3","44","C. Diego de Almagro","Huelva","Huelva","ES",,"","Bar",,,,,,,,,,"https://www.google.com/maps/search/?api=1&query=Bar%20Er%20Kala%C3%B1%C3%A9s&query_place_id=ChIJm0aYyiPPEQ0Rf2pt9KaMRO4","Bar"
"Bar la proa","4.3","64",,"Huelva","Huelva","ES",,"","Bar",,,,,,,,,,"https://www.google.com/maps/search/?api=1&query=Bar%20la%20proa&query_place_id=ChIJdct1ttfPEQ0RNY1x0G6HC8c","Bar"
"Bar Leonardo","4.3","190","Av. de Cristóbal Colón, 108","Huelva","Huelva","ES",,"+34 959 81 26 19","Bar",,,,,,,,,,"https://www.google.com/maps/search/?api=1&query=Bar%20Leonardo&query_place_id=ChIJJ7EpstvPEQ0RZcpIXG9ucVU","Bar"
"Bar La Perdiz","4.4","240","Av. de Cristóbal Colón, 113","Huelva","Huelva","ES",,"","Bar",,,,,,,,,,"https://www.google.com/maps/search/?api=1&query=Bar%20La%20Perdiz&query_place_id=ChIJTy-_stvPEQ0RbI5DNXWhDzw","Bar"
"TABERNA EL TORIL","4.3","178","Av. de Cristóbal Colón, 19","Huelva","Huelva","ES","https://www.facebook.com/Taberna-El-Toril-240613159735016","+34 671 47 20 68","Bar restaurante",,,,,,,,,,"https://www.google.com/maps/search/?api=1&query=TABERNA%20EL%20TORIL&query_place_id=ChIJ95QVP9jPEQ0RGhN9C-k_5T0","Bar restaurante"
"Bar Los Pitufos","4.4","217","Av. de Cristóbal Colón, 115","Huelva","Huelva","ES",,"+34 657 81 15 90","Bar de tapas","Restaurante",,,,,,,,,"https://www.google.com/maps/search/?api=1&query=Bar%20Los%20Pitufos&query_place_id=ChIJB_JKs9vPEQ0Rz-X-wl8vYXM","Bar de tapas"
"Bar Chico","4","23","Calle Almadraba, 5","Huelva","Huelva","ES",,"","Bar",,,,,,,,,,"https://www.google.com/maps/search/?api=1&query=Bar%20Chico&query_place_id=ChIJhzVSl9TPEQ0Rr4dQtjZPk8I","Bar"
"El rincón de Tere","4.3","134","Plaza Ntra. Sra. de los Dolores, 2","Huelva","Huelva","ES","https://esplace.me/bar-plaza-los-dolores-159486-es","+34 959 80 77 60","Bar de tapas",,,,,,,,,,"https://www.google.com/maps/search/?api=1&query=El%20rinc%C3%B3n%20de%20Tere&query_place_id=ChIJw9cldNvPEQ0RUxYbFwETSfY","Bar de tapas"
"La tasquita de candela huelva","4.3","163","Plaza Sta. Raquel","Huelva","Huelva","ES",,"+34 671 92 95 42","Restaurante",,,,,,,,,,"https://www.google.com/maps/search/?api=1&query=La%20tasquita%20de%20candela%20huelva&query_place_id=ChIJAyry5w3PEQ0RiN5qnL1xtKI","Restaurante"
"Restaurante Blandón","4.1","464","Av. de Cristóbal Colón, 25","Huelva","Huelva","ES",,"+34 959 24 29 79","Bar restaurante",,,,,,,,,,"https://www.google.com/maps/search/?api=1&query=Restaurante%20Bland%C3%B3n&query_place_id=ChIJd4_gMNjPEQ0RNkd9iYhGcAM","Bar restaurante"
"BAR LA PENULTIMA","5","1","C. Lima","Huelva","Huelva","ES",,"","Bar",,,,,,,,,,"https://www.google.com/maps/search/?api=1&query=BAR%20LA%20PENULTIMA&query_place_id=ChIJDbw_tsHPEQ0Rks2o3BTFYiw","Bar"
"Bar El Cañaveral","3.9","110","Av. de Diego Morón, 6","Huelva","Huelva","ES",,"+34 959 81 01 79","Bar",,,,,,,,,,"https://www.google.com/maps/search/?api=1&query=Bar%20El%20Ca%C3%B1averal&query_place_id=ChIJURciS-nPEQ0Rd1t23Ulp2oc","Bar"
"Bar Vaquero","3.8","421","C. Río de la Plata, 23","Huelva","Huelva","ES",,"+34 693 78 46 40","Bar",,,,,,,,,,"https://www.google.com/maps/search/?api=1&query=Bar%20Vaquero&query_place_id=ChIJF3JY08HPEQ0R5Ywb9kdqCkg","Bar"
"La Faraona","4.5","72","C. Fenicios","Huelva","Huelva","ES","https://www.instagram.com/lafaraonacerveceria?igsh=MTB2MWp2dGYyYXBucA%3D%3D&utm_source=qr","","Bar de tapas",,,,,,,,,,"https://www.google.com/maps/search/?api=1&query=La%20Faraona&query_place_id=ChIJMzF1JADPEQ0RNiCZJWK5NJo","Bar de tapas"
"Bar JD","4.8","4","Pl. Luis Buñuel, 3","Huelva","Huelva","ES",,"+34 959 81 03 97","Bar",,,,,,,,,,"https://www.google.com/maps/search/?api=1&query=Bar%20JD&query_place_id=ChIJJyRvVFPPEQ0Ri2mHskRW2iI","Bar"
"Bar LA ILUSION","4.4","172","C. Montevideo, 8","Huelva","Huelva","ES",,"+34 617 78 28 19","Bar",,,,,,,,,,"https://www.google.com/maps/search/?api=1&query=Bar%20LA%20ILUSION&query_place_id=ChIJu79sS8DPEQ0RNAJyS91BzbM","Bar"
"El Ancla","3.8","252","Av. Santa Marta, 43","Huelva","Huelva","ES",,"+34 615 60 26 04","Bar",,,,,,,,,,"https://www.google.com/maps/search/?api=1&query=El%20Ancla&query_place_id=ChIJIUGH1e7PEQ0RJPRXS7V8NrQ","Bar"
"Bar El Carmen","4.1","117","Av. del Ancla, 2","Huelva","Huelva","ES",,"","Bar",,,,,,,,,,"https://www.google.com/maps/search/?api=1&query=Bar%20El%20Carmen&query_place_id=ChIJ5Q4yucTPEQ0R3m21sTppdHk","Bar"
"Bar Los Compadres Verdeluz","5","1","Plaza Sta. Raquel, 15","Huelva","Huelva","ES",,"",,,,,,,,,,,"https://www.google.com/maps/search/?api=1&query=Bar%20Los%20Compadres%20Verdeluz&query_place_id=ChIJW_akPQDPEQ0Rlejoai8IedY",
"Ciudad del Marisco","4.3","30","C. Alonso de Ojeda, 21","Huelva","Huelva","ES",,"","Restaurante",,,,,,,,,,"https://www.google.com/maps/search/?api=1&query=Ciudad%20del%20Marisco&query_place_id=ChIJs6LI1WLPEQ0RVuZdObgB12w","Restaurante"
"Freiduría Hidalgo","4.5","112","Edificio Pintora Lola Martin, C. Agustin Dominguez Belda, s/n","Huelva","Huelva","ES",,"+34 959 31 68 47","Restaurante",,,,,,,,,,"https://www.google.com/maps/search/?api=1&query=Freidur%C3%ADa%20Hidalgo&query_place_id=ChIJaSDtr-_PEQ0R8f_aiRYC0OE","Restaurante"
"ISTANBUL KEBAB HUELVA","4.9","92","C. Cartagenera, 17","Huelva","Huelva","ES","https://istanbulkebab.es/","+34 662 05 23 49","Restaurante turco","Restaurante especializado en döner kebab","Restaurante de comida rápida","Restaurante halal","Tienda de kebabs","Comida a domicilio","Restaurante de cocina de Oriente Medio",,,,"https://www.google.com/maps/search/?api=1&query=ISTANBUL%20KEBAB%20HUELVA&query_place_id=ChIJc4_E4bHPEQ0RSxdNcfpeNu0","Restaurante turco"
"Hamburguesería bianka","5","7","C. Sta. Eulalia, 7","Huelva","Huelva","ES",,"+34 643 96 01 48","Hamburguesería","Bar",,,,,,,,,"https://www.google.com/maps/search/?api=1&query=Hamburgueser%C3%ADa%20bianka&query_place_id=ChIJibZgR9rPEQ0RGAvBEjUzExM","Hamburguesería"
"Bar ultimo dolar","4.3","78","C. Chucena, 2","Huelva","Huelva","ES",,"+34 663 29 30 53","Bar de tapas",,,,,,,,,,"https://www.google.com/maps/search/?api=1&query=Bar%20ultimo%20dolar&query_place_id=ChIJXfa0AeHPEQ0Rbxd6ZdCMgZ4","Bar de tapas"
"MARISCOS TONI","4.8","56","Ciudad del Marisco, Av. de Enlace, 44, Nave 3.3-3.4","Huelva","Huelva","ES","https://www.mariscostoni.es/","+34 657 83 87 17","Marisquería",,,,,,,,,,"https://www.google.com/maps/search/?api=1&query=MARISCOS%20TONI&query_place_id=ChIJlWK33S3QEQ0Rb_sQ5SoAMBs","Marisquería"
"Nuevo Garrisons burger","4.7","303","C. Cartagenera, 15","Huelva","Huelva","ES","https://www.facebook.com/profile.php?id=100088812015001","+34 666 48 60 88","Hamburguesería",,,,,,,,,,"https://www.google.com/maps/search/?api=1&query=Nuevo%20Garrisons%20burger&query_place_id=ChIJ_yuK8uLPEQ0Rb5aNOgw3EbU","Hamburguesería"
"Bar Sergio Huelva","4.1","36","Plaza Andévalo, 6","Huelva","Huelva","ES",,"+34 652 76 97 58","Bar de tapas",,,,,,,,,,"https://www.google.com/maps/search/?api=1&query=Bar%20Sergio%20Huelva&query_place_id=ChIJ14qJTenPEQ0RCJKNXBYHVf4","Bar de tapas"
"Cervecería El Rey del Barril","4.2","725","C. Cartagenera, 15","Huelva","Huelva","ES","http://elreydelbarril.com/","+34 687 48 37 78","Bar",,,,,,,,,,"https://www.google.com/maps/search/?api=1&query=Cervecer%C3%ADa%20El%20Rey%20del%20Barril&query_place_id=ChIJcf5P7eLPEQ0RGgkAqq_XYl8","Bar"
"Bar maysam","4.7","18","C. Severo Ochoa, 32","Huelva","Huelva","ES",,"","Restaurante",,,,,,,,,,"https://www.google.com/maps/search/?api=1&query=Bar%20maysam&query_place_id=ChIJl75GXgDPEQ0RaX1Tg0VuM18","Restaurante"
"Bar café nandos","4.5","20","Av. de Cristóbal Colón, 151","Huelva","Huelva","ES",,"+34 692 61 69 42","Bar",,,,,,,,,,"https://www.google.com/maps/search/?api=1&query=Bar%20caf%C3%A9%20nandos&query_place_id=ChIJ7ZO8sqvPEQ0Rtm0-m5LF0b8","Bar"
"Bar El Almendro","4.1","55","Plaza Ntra. Sra. de los Dolores","Huelva","Huelva","ES",,"","Bar",,,,,,,,,,"https://www.google.com/maps/search/?api=1&query=Bar%20El%20Almendro&query_place_id=ChIJn2iTbtvPEQ0ROzdnJEspm1A","Bar"
"Salón de Juegos Bar Abel","4.2","78","C. Alonso de Ercilla, 24","Huelva","Huelva","ES",,"","Bar",,,,,,,,,,"https://www.google.com/maps/search/?api=1&query=Sal%C3%B3n%20de%20Juegos%20Bar%20Abel&query_place_id=ChIJ3y9JmOTPEQ0RIAW-vxsU-fw","Bar"
"Cervecería Gallo Negro","4.2","17","Av. de Cristóbal Colón, 113","Huelva","Huelva","ES",,"","Bar",,,,,,,,,,"https://www.google.com/maps/search/?api=1&query=Cervecer%C3%ADa%20Gallo%20Negro&query_place_id=ChIJW29DDhTPEQ0RioDF55qotp0","Bar"
"Parrilla San Antonio","5","2","Av. San Antonio","Huelva","Huelva","ES",,"","Restaurante familiar",,,,,,,,,,"https://www.google.com/maps/search/?api=1&query=Parrilla%20San%20Antonio&query_place_id=ChIJQxWPagDPEQ0RWedPa_jCOrM","Restaurante familiar"
"Asador de pollos Las Colonias","4.3","39","Av. de Cristóbal Colón, 129","Huelva","Huelva","ES",,"+34 664 00 17 26","Restaurante especializado en pollo",,,,,,,,,,"https://www.google.com/maps/search/?api=1&query=Asador%20de%20pollos%20Las%20Colonias&query_place_id=ChIJudLqMLrPEQ0RDAGN4ZsjsvQ","Restaurante especializado en pollo"
"Attimora",,,"C. Martín Pescador","Huelva","Huelva","ES",,"+34 614 62 67 53","Snack bar",,,,,,,,,,"https://www.google.com/maps/search/?api=1&query=Attimora&query_place_id=ChIJURcGxT_PEQ0RvGjsechb-XI","Snack bar"
"Hamburguesería Plaza de Toros","4.5","49","C. Guadalcanal, 1","Huelva","Huelva","ES","https://www.burguerplazadetoros.es/","+34 635 38 88 75","Hamburguesería",,,,,,,,,,"https://www.google.com/maps/search/?api=1&query=Hamburgueser%C3%ADa%20Plaza%20de%20Toros&query_place_id=ChIJS4tqlBrPEQ0RgyYo3X6w7BY","Hamburguesería"
"Mariscos Méndez","4.5","50","C. Arrastre, 14","Huelva","Huelva","ES","http://www.mariscosmendez.com/","+34 959 28 17 85","Mayorista de marisco","Marisquería","Mayorista",,,,,,,,"https://www.google.com/maps/search/?api=1&query=Mariscos%20M%C3%A9ndez&query_place_id=ChIJ-XTbkCrQEQ0RP6EUY2BWu_w","Mayorista de marisco"
"La Hispanidad: Hamburguesería y Churrería","4.4","33","C. Ruiz de Alarcón, 2","Huelva","Huelva","ES",,"+34 600 36 88 69","Hamburguesería",,,,,,,,,,"https://www.google.com/maps/search/?api=1&query=La%20Hispanidad%3A%20Hamburgueser%C3%ADa%20y%20Churrer%C3%ADa&query_place_id=ChIJq0ccIrvPEQ0ReWKOw-Albks","Hamburguesería"
"Más ke Pollos","4.2","77","Av. Adoratrices, 71","Huelva","Huelva","ES",,"+34 959 81 64 90","Restaurante especializado en pollo",,,,,,,,,,"https://www.google.com/maps/search/?api=1&query=M%C3%A1s%20ke%20Pollos&query_place_id=ChIJy-VW29_PEQ0RYkm6_8_zrvI","Restaurante especializado en pollo"
"Freiduría Asador","4.1","16","C. Águila Imperial","Huelva","Huelva","ES",,"","Parrilla",,,,,,,,,,"https://www.google.com/maps/search/?api=1&query=Freidur%C3%ADa%20Asador&query_place_id=ChIJ6fVFA8XPEQ0ROGU2sB9mpOY","Parrilla"
"Bar Jabali","3.9","88","Av. de Cristóbal Colón, 92","Huelva","Huelva","ES",,"+34 631 61 82 28","Pizzería",,,,,,,,,,"https://www.google.com/maps/search/?api=1&query=Bar%20Jabali&query_place_id=ChIJG6hGy9vPEQ0RJqH2d8ZMNLE","Pizzería"
"Carnicería Charcutería El Almacén","4.7","69","Av. de la Orden, 37","Huelva","Huelva","ES","http://www.carniceriaelalmacen.com/","+34 642 89 36 92","Carnicería","Delicatessen de carnicería","Charcutería","Quesería","Jamonería","Tienda de jamones","Mayorista de carnes",,,,"https://www.google.com/maps/search/?api=1&query=Carnicer%C3%ADa%20Charcuter%C3%ADa%20El%20Almac%C3%A9n&query_place_id=ChIJI2CENcDPEQ0RYFrf1JwyKyw","Carnicería"
"Bar Canijo","4.4","118","Pl. Orquídea, 9","Huelva","Huelva","ES",,"","Bar de tapas",,,,,,,,,,"https://www.google.com/maps/search/?api=1&query=Bar%20Canijo&query_place_id=ChIJI53BJvDPEQ0Ryqk9aQHT-34","Bar de tapas"
"Bodeguita Leal","4.2","288","C. Artesanos, 10","Huelva","Huelva","ES",,"+34 625 07 18 81","Bar",,,,,,,,,,"https://www.google.com/maps/search/?api=1&query=Bodeguita%20Leal&query_place_id=ChIJq6p--ejPEQ0RExxMCVaj8rQ","Bar"
"Bar ""La Sartencilla""","4","60","C. Severo Ochoa, 16","Huelva","Huelva","ES",,"","Bar",,,,,,,,,,"https://www.google.com/maps/search/?api=1&query=Bar%20%22La%20Sartencilla%22&query_place_id=ChIJH9sGuOnPEQ0RxicXtRN4-N4","Bar"
"Bar Cintado","3.9","85","Av. de Cristóbal Colón, 34","Huelva","Huelva","ES",,"","Bar",,,,,,,,,,"https://www.google.com/maps/search/?api=1&query=Bar%20Cintado&query_place_id=ChIJTfohv9nPEQ0Rpr5vpLiLALU","Bar"
"Bar Cafetería Spencer","4","81","C. Artesanos, 4","Huelva","Huelva","ES",,"","Cafetería",,,,,,,,,,"https://www.google.com/maps/search/?api=1&query=Bar%20Cafeter%C3%ADa%20Spencer&query_place_id=ChIJvz6twujPEQ0RH6x1Zh5MP9Q","Cafetería"
"Bar Esencia",,,"C. Alonso de Ercilla, 35","Huelva","Huelva","ES",,"","Bar",,,,,,,,,,"https://www.google.com/maps/search/?api=1&query=Bar%20Esencia&query_place_id=ChIJxy1SLQDPEQ0R-_eCPVGGH5E","Bar"
"Bar Nuevo Fantasma","3.7","211","Av. de Diego Morón, 33","Huelva","Huelva","ES",,"+34 603 12 12 28","Bar de tapas","Heladería",,,,,,,,,"https://www.google.com/maps/search/?api=1&query=Bar%20Nuevo%20Fantasma&query_place_id=ChIJieg60OnPEQ0RNgGsNtRC-0E","Bar de tapas"
"Juegos Bar Montevideo","4.3","3","C. Montevideo, 39","Huelva","Huelva","ES",,"","Bar",,,,,,,,,,"https://www.google.com/maps/search/?api=1&query=Juegos%20Bar%20Montevideo&query_place_id=ChIJ5_HWTMDPEQ0R8IS6z_NYsN4","Bar"
"Bar Restaurante Juan José","4.5","3495","C. Villa Mundaka, 1","Huelva","Huelva","ES","https://bar-restaurantejuanjose.es/","+34 959 26 38 57","Restaurante","Bar","Restaurante de cocina española",,,,,,,,"https://www.google.com/maps/search/?api=1&query=Bar%20Restaurante%20Juan%20Jos%C3%A9&query_place_id=ChIJEUY459_PEQ0R0Q72g_Jrlq0","Restaurante"
"Kebab Al-Ándalus","4","322","Av. de Cristóbal Colón, 109","Huelva","Huelva","ES","https://kebabalandalus.es/?utm_source=google&utm_medium=ficha&utm_campaign=perfil","+34 959 81 97 20","Restaurante especializado en döner kebab","Restaurante de comida rápida","Restaurante halal","Comida a domicilio","Pizzería","Restaurante turco",,,,,"https://www.google.com/maps/search/?api=1&query=Kebab%20Al-%C3%81ndalus&query_place_id=ChIJ8wRQS9rPEQ0RgHocJ7iyrak","Restaurante especializado en döner kebab"
"Houdda coquet group s.l",,,"Av. de Diego Morón, 14","Huelva","Huelva","ES",,"+34 624 89 75 20","Bar restaurante",,,,,,,,,,"https://www.google.com/maps/search/?api=1&query=Houdda%20coquet%20group%20s.l&query_place_id=ChIJgUBS2GXPEQ0RmYkXVAQ7tLM","Bar restaurante"
"El Gustazo","3.7","3","Av. de Cristóbal Colón, 184","Huelva","Huelva","ES",,"+34 959 28 22 92","Restaurante",,,,,,,,,,"https://www.google.com/maps/search/?api=1&query=El%20Gustazo&query_place_id=ChIJqecey8TPEQ0RdGm5WosjyWE","Restaurante"
"Bar Centro Pati","4.3","126","C. Antonio Rengel, 28","Huelva","Huelva","ES",,"","Bar de tapas","Restaurante",,,,,,,,,"https://www.google.com/maps/search/?api=1&query=Bar%20Centro%20Pati&query_place_id=ChIJ75fYm8TPEQ0RTVEFLDuyeNo","Bar de tapas"
"ASADOR DE POLLOS EL GRECO","3.8","24","Av. Santa Marta, 25","Huelva","Huelva","ES",,"+34 613 62 51 85","Restaurante especializado en pollo",,,,,,,,,,"https://www.google.com/maps/search/?api=1&query=ASADOR%20DE%20POLLOS%20EL%20GRECO&query_place_id=ChIJ41PafobPEQ0R7q79cq4-ur4","Restaurante especializado en pollo"
"McDonald's","3.6","4619","Av. Molino de la Vega, s/n","Huelva","Huelva","ES","https://mcdonalds.es/","+34 959 25 24 35","Restaurante de comida rápida",,,,,,,,,,"https://www.google.com/maps/search/?api=1&query=McDonald's&query_place_id=ChIJO10c_NXPEQ0R3BfnSErMKRU","Restaurante de comida rápida"
"leviatan kebab","3.4","188","Calle Valparaíso","Huelva","Huelva","ES",,"+34 959 87 41 85","Restaurante de comida rápida",,,,,,,,,,"https://www.google.com/maps/search/?api=1&query=leviatan%20kebab&query_place_id=ChIJQR_7B8LPEQ0R-KX1-3z0mQM","Restaurante de comida rápida"
"Burger King","3.3","2262","Calle Dr. Emilio Haya Prats, 14","Huelva","Huelva","ES","https://www.burgerking.es/home?utm_source=gmb&utm_medium=local_seo_home&utm_campaign=tracking_seo","+34 649 05 74 44","Restaurante de comida rápida","Restaurante americano","Restaurante especializado en pollo","Hamburguesería","Restaurante de comida para llevar","Restaurante","Restaurante vegano",,,,"https://www.google.com/maps/search/?api=1&query=Burger%20King&query_place_id=ChIJCQSDuvHPEQ0RPnx2Z4xmNE8","Restaurante de comida rápida"
"Telepizza Huelva, Residencial Moret - Comida a Domicilio","3.8","318","Residencial, Plaza Amparo Correa Beltrán, Parque Moret, 2","Huelva","Huelva","ES","https://www.telepizza.es/?utm_source=google&utm_medium=organic&utm_campaign=gbp","+34 959 24 02 44","Pizzería","Restaurante de comida rápida","Restaurante de comida sin gluten","Restaurante italiano","Comida a domicilio","Pizzería a domicilio","Pizza para llevar","Restaurante",,,"https://www.google.com/maps/search/?api=1&query=Telepizza%20Huelva%2C%20Residencial%20Moret%20-%20Comida%20a%20Domicilio&query_place_id=ChIJy_rHMyTQEQ0RVfn5s9Xxbtg","Pizzería"
"Bar Cafetería LAZOS","4.9","36","Av. Dr. Rubio, 11","Huelva","Huelva","ES",,"","Cafetería","Bar",,,,,,,,,"https://www.google.com/maps/search/?api=1&query=Bar%20Cafeter%C3%ADa%20LAZOS&query_place_id=ChIJDUxLCADREQ0RakTfESiwh4Q","Cafetería"
"Bar TORONJO","3.8","4","C. Antonio Rengel, 6","Huelva","Huelva","ES",,"","Bar",,,,,,,,,,"https://www.google.com/maps/search/?api=1&query=Bar%20TORONJO&query_place_id=ChIJtZfcDu3PEQ0RVcxp-RFi0AY","Bar"
"Bar Café Humilladero","4.2","25","Av. de Cristóbal Colón, 153","Huelva","Huelva","ES",,"+34 638 59 20 18","Bar",,,,,,,,,,"https://www.google.com/maps/search/?api=1&query=Bar%20Caf%C3%A9%20Humilladero&query_place_id=ChIJ_YdOZcTPEQ0R5hwNbuUZKs0","Bar"
"Bar Montaito",,,"Av. Santa Marta, 82","Huelva","Huelva","ES",,"","Bar",,,,,,,,,,"https://www.google.com/maps/search/?api=1&query=Bar%20Montaito&query_place_id=ChIJ9XO7DJPPEQ0RA8OUgIm3r7Y","Bar"
"Bar Da & Ly","3.8","8","C. Diego de Almagro, 13","Huelva","Huelva","ES",,"","Bar",,,,,,,,,,"https://www.google.com/maps/search/?api=1&query=Bar%20Da%20%26%20Ly&query_place_id=ChIJ8ds1gr7PEQ0RDUWtZCbfDiI","Bar"
"Burger King","3.7","686","SOLAR PERI, 6, AVENIDA ANDALUCIA, SOLAR PERI","Huelva","Huelva","ES","https://www.burgerking.es/home?utm_source=gmb&utm_medium=local_seo_home&utm_campaign=tracking_seo","+34 620 72 60 34","Restaurante de comida rápida","Restaurante americano","Restaurante especializado en pollo","Hamburguesería","Restaurante de comida para llevar","Restaurante","Restaurante vegano",,,,"https://www.google.com/maps/search/?api=1&query=Burger%20King&query_place_id=ChIJPWDHk_bREQ0R_UYFoPjpVvw","Restaurante de comida rápida"
"Avd de Las Flores",,,"Calle Dr. Juan Nicolás Márquez Domínguez, 142","Huelva","Huelva","ES",,"","Restaurante de comida rápida",,,,,,,,,,"https://www.google.com/maps/search/?api=1&query=Avd%20de%20Las%20Flores&query_place_id=ChIJrf2kXQDPEQ0RK58knLuSbBo","Restaurante de comida rápida"
"Salon de Juegos Huelva",,,"Av. San Antonio","Huelva","Huelva","ES",,"","Restaurante",,,,,,,,,,"https://www.google.com/maps/search/?api=1&query=Salon%20de%20Juegos%20Huelva&query_place_id=ChIJ8YGUtMbPEQ0RQrcPRAOyHlU","Restaurante"
"BURGUER CHICHO",,,"C. Geranio, 10","Huelva","Huelva","ES",,"","Restaurante",,,,,,,,,,"https://www.google.com/maps/search/?api=1&query=BURGUER%20CHICHO&query_place_id=ChIJ-XdVrvrPEQ0R5nnnRzm0spo","Restaurante"
"Domino's Pizza","4","418","C. Rubén Darío, S/N","Huelva","Huelva","ES","https://www.dominospizza.es/","+34 959 75 04 93","Pizzería","Restaurante americano","Pizzería a domicilio","Pizza para llevar","Restaurante",,,,,,"https://www.google.com/maps/search/?api=1&query=Domino's%20Pizza&query_place_id=ChIJxwRoAjDPEQ0RBEa3zOcyIpY","Pizzería"
"Snack H’tacos","3.4","43","Av. de Cristóbal Colón, 124, Local, 1.3.1","Huelva","Huelva","ES",,"+34 641 65 40 12","Restaurante de comida rápida","Restaurante especializado en döner kebab","Comida a domicilio",,,,,,,,"https://www.google.com/maps/search/?api=1&query=Snack%20H%E2%80%99tacos&query_place_id=ChIJQTMTJkLPEQ0RTTfr10L0tKA","Restaurante de comida rápida"
"Istanbul Kebab Huelva",,,"Pl. Huerto Paco","Huelva","Huelva","ES","https://istanbulkebab.es/","","Restaurante turco","Restaurante de comida rápida","Restaurante halal","Restaurante",,,,,,,"https://www.google.com/maps/search/?api=1&query=Istanbul%20Kebab%20Huelva&query_place_id=ChIJ5bpp6SLPEQ0RXFHUPaKe784","Restaurante turco"
"Valparaíso (Lateral bar Vaquero)",,,,"Huelva","Huelva","ES",,"","Parada de autobús",,,,,,,,,,"https://www.google.com/maps/search/?api=1&query=Valpara%C3%ADso%20(Lateral%20bar%20Vaquero)&query_place_id=ChIJ74821MHPEQ0RLRlXYDrKpeE","Parada de autobús"
"Orenes Sports Bar & Salón de Juego",,,"C. Rubén Darío, 14","Huelva","Huelva","ES","http://orenessportsbar.com/","+34 968 24 25 00","Salón recreativo",,,,,,,,,,"https://www.google.com/maps/search/?api=1&query=Orenes%20Sports%20Bar%20%26%20Sal%C3%B3n%20de%20Juego&query_place_id=ChIJ4acIq93PEQ0R8Ww8QsoNVpc","Salón recreativo"
"Restaurante Bar Arteconsa","3.7","3","C. Lima","Huelva","Huelva","ES",,"",,,,,,,,,,,"https://www.google.com/maps/search/?api=1&query=Restaurante%20Bar%20Arteconsa&query_place_id=ChIJG34v18HPEQ0RDraqF7Z9kco",
"Bar Melli E Hijos",,,"Av. de Cristóbal Colón","Huelva","Huelva","ES",,"",,,,,,,,,,,"https://www.google.com/maps/search/?api=1&query=Bar%20Melli%20E%20Hijos&query_place_id=ChIJ77FhjNvPEQ0RWFEHXVMzBqs",
"Bar Opapis","4.3","444","C. Pescadores, 7","Huelva","Huelva","ES",,"","Bar",,,,,,,,,,"https://www.google.com/maps/search/?api=1&query=Bar%20Opapis&query_place_id=ChIJewuP2OjPEQ0Rl99IH8zm6GQ","Bar"
"Masero - restaurante","4.6","1482","Av. Martín Alonso Pinzón, 14","Huelva","Huelva","ES","https://www.restaurantemasero.com/","+34 604 88 35 26","Restaurante","Restaurante mediterráneo",,,,,,,,,"https://www.google.com/maps/search/?api=1&query=Masero%20-%20restaurante&query_place_id=ChIJb7n-k5XREQ0RESLSlbyER7g","Restaurante"
"Restaurante Pura Huelva","4.6","677","C. Alcalde José María Amo, 8","Huelva","Huelva","ES","https://www.restaurantepurahuelva.com/","+34 624 40 06 58","Restaurante","Arrocería","Restaurante de cocina española","Bar de tapas",,,,,,,"https://www.google.com/maps/search/?api=1&query=Restaurante%20Pura%20Huelva&query_place_id=ChIJrTo1wvrREQ0RywhZ96IDzHI","Restaurante"
"La Famiglia se sienta a la mesa","4.7","6918","C. Palacio, 10, Loc 5","Huelva","Huelva","ES","https://lafamigliarestaurantes.com/restaurantes/huelva/","+34 722 72 09 71","Restaurante italiano","Bar restaurante","Coctelería","Restaurante familiar","Restaurante de cocina del norte de Italia","Pizzería a domicilio","Pizzería","Pizza para llevar","Restaurante","Restaurante de cocina del sur de Italia","https://www.google.com/maps/search/?api=1&query=La%20Famiglia%20se%20sienta%20a%20la%20mesa&query_place_id=ChIJK3QaHc3REQ0RnhcrPEMJlmY","Restaurante italiano"
"Restaurante Azabache","4.7","3222","Calle Vázquez López, 22","Huelva","Huelva","ES","http://restauranteazabache.com/","+34 959 25 75 28","Bar de tapas","Restaurante andaluz","Restaurante mediterráneo","Restaurante","Restaurante de cocina española",,,,,,"https://www.google.com/maps/search/?api=1&query=Restaurante%20Azabache&query_place_id=ChIJ6UmUbiXQEQ0Rj_ro0AClRwY","Bar de tapas"
"Restaurante Jardines del Odiel","4.7","592","C. Joaquín Turina, 10D","Huelva","Huelva","ES",,"+34 637 35 30 36","Restaurante",,,,,,,,,,"https://www.google.com/maps/search/?api=1&query=Restaurante%20Jardines%20del%20Odiel&query_place_id=ChIJFSHIVwTREQ0R_9m-9Wx86RM","Restaurante"
"Ibiza Bar","4.8","152","Calle Dr. Francisco Vázquez Limón, 6","Huelva","Huelva","ES",,"","Bar",,,,,,,,,,"https://www.google.com/maps/search/?api=1&query=Ibiza%20Bar&query_place_id=ChIJj9oYMibQEQ0RqaE-z3rzWKE","Bar"
"Café-Bar Palacios","4.8","11","C. Periodista Ángel Serradilla, 6","Huelva","Huelva","ES",,"+34 675 90 36 59","Restaurante de cocina española","Restaurante de desayunos","Cafetería","Restaurante mediterráneo","Restaurante","Bar de tapas",,,,,"https://www.google.com/maps/search/?api=1&query=Caf%C3%A9-Bar%20Palacios&query_place_id=ChIJORQgLADREQ0Ri8fxCMpKeLM","Restaurante de cocina española"
"Berdigón 14","4.4","1320","C. Berdigón, 14","Huelva","Huelva","ES","http://www.berdigon14.com/","+34 675 36 29 72","Coctelería",,,,,,,,,,"https://www.google.com/maps/search/?api=1&query=Berdig%C3%B3n%2014&query_place_id=ChIJm1te6yTQEQ0REKHc5awo5P0","Coctelería"
"Bar Pappis","4.6","1658","C. Conde López Muñoz, 4","Huelva","Huelva","ES",,"+34 959 23 58 06","Bar de tapas",,,,,,,,,,"https://www.google.com/maps/search/?api=1&query=Bar%20Pappis&query_place_id=ChIJYfwZnhvQEQ0RUhE6HHYnr9o","Bar de tapas"
"Bar El Pueblo","4.5","80","Av. José Muñoz de Vargas","Huelva","Huelva","ES",,"+34 625 17 18 02","Bar",,,,,,,,,,"https://www.google.com/maps/search/?api=1&query=Bar%20El%20Pueblo&query_place_id=ChIJCZubuR7QEQ0R8wQy32yQ5co","Bar"
"Bar La Mantua","4.5","159","C. Rui-Vélez, 4","Huelva","Huelva","ES",,"","Bar",,,,,,,,,,"https://www.google.com/maps/search/?api=1&query=Bar%20La%20Mantua&query_place_id=ChIJM1rBIybQEQ0RCJrBeiyqbYE","Bar"
"Bar Paco Moreno","4.3","1198","P.º Independencia, 18","Huelva","Huelva","ES","https://m.facebook.com/cbpacomoreno/?locale2=es_ES","+34 959 24 30 48","Bar",,,,,,,,,,"https://www.google.com/maps/search/?api=1&query=Bar%20Paco%20Moreno&query_place_id=ChIJeV9G1CfQEQ0RkhsZPt9ceRY","Bar"
"Bar ""La Reja""","4.3","96","C. Juan Sebastián Elcano, 1","Huelva","Huelva","ES",,"+34 600 33 89 54","Bar",,,,,,,,,,"https://www.google.com/maps/search/?api=1&query=Bar%20%22La%20Reja%22&query_place_id=ChIJFRDYQiDQEQ0RKNF82GuuOfo","Bar"
