leadId,name,category,rating,reviews,phone,website,websiteType,websiteStatus,address,city,state,country,googleMapsUrl,businessScore,businessReason,preliminaryOpportunityScore,preliminaryOpportunityLevel,preliminaryOpportunityReason
https://www.google.com/maps/search/?api=1&query=La%20choza%20de%20Vargas&query_place_id=ChIJA295rBHFEQ0Rn2bkkUS1iew,La choza de Vargas,Restaurante,4.8,135,+34 607 53 39 65,,none,website_not_found,,Huelva,Huelva,ES,https://www.google.com/maps/search/?api=1&query=La%20choza%20de%20Vargas&query_place_id=ChIJA295rBHFEQ0Rn2bkkUS1iew,89,excelente valoración · 100+ reseñas · teléfono disponible · ficha de Google Maps,92,HIGH,sin web registrada · excelente reputación · 100+ reseñas · teléfono disponible
https://www.google.com/maps/search/?api=1&query=Bar%20Pappis&query_place_id=ChIJYfwZnhvQEQ0RUhE6HHYnr9o,Bar Pappis,Bar de tapas,4.6,1658,+34 959 23 58 06,,none,website_not_found,,Huelva,Huelva,ES,https://www.google.com/maps/search/?api=1&query=Bar%20Pappis&query_place_id=ChIJYfwZnhvQEQ0RUhE6HHYnr9o,95,buena valoración · 500+ reseñas · teléfono disponible · ficha de Google Maps,91,HIGH,sin web registrada · buena reputación · 300+ reseñas · teléfono disponible
https://www.google.com/maps/search/?api=1&query=Amor%20Amar%20Puerto&query_place_id=ChIJ0XbkKcnPEQ0RKbMqbWqYYoY,Amor Amar Puerto,Restaurante,4.6,755,+34 652 70 22 11,,none,website_not_found,,Huelva,Huelva,ES,https://www.google.com/maps/search/?api=1&query=Amor%20Amar%20Puerto&query_place_id=ChIJ0XbkKcnPEQ0RKbMqbWqYYoY,95,buena valoración · 500+ reseñas · teléfono disponible · ficha de Google Maps,91,HIGH,sin web registrada · buena reputación · 300+ reseñas · teléfono disponible
https://www.google.com/maps/search/?api=1&query=Restaurante%20Jardines%20del%20Odiel&query_place_id=ChIJFSHIVwTREQ0R_9m-9Wx86RM,Restaurante Jardines del Odiel,Restaurante,4.7,592,+34 637 35 30 36,,none,website_not_found,,Huelva,Huelva,ES,https://www.google.com/maps/search/?api=1&query=Restaurante%20Jardines%20del%20Odiel&query_place_id=ChIJFSHIVwTREQ0R_9m-9Wx86RM,95,buena valoración · 500+ reseñas · teléfono disponible · ficha de Google Maps,91,HIGH,sin web registrada · buena reputación · 300+ reseñas · teléfono disponible
https://www.google.com/maps/search/?api=1&query=Bar%20Buena%20vida%20Huelva&query_place_id=ChIJJXuXpoTPEQ0RhQIhZ61DU8g,Bar Buena vida Huelva,Restaurante,4.5,363,+34 637 57 04 56,,none,website_not_found,,Huelva,Huelva,ES,https://www.google.com/maps/search/?api=1&query=Bar%20Buena%20vida%20Huelva&query_place_id=ChIJJXuXpoTPEQ0RhQIhZ61DU8g,90,buena valoración · 300+ reseñas · teléfono disponible · ficha de Google Maps,91,HIGH,sin web registrada · buena reputación · 300+ reseñas · teléfono disponible
https://www.google.com/maps/search/?api=1&query=Freidur%C3%ADa%20Hidalgo&query_place_id=ChIJaSDtr-_PEQ0R8f_aiRYC0OE,Freiduría Hidalgo,Restaurante,4.5,112,+34 959 31 68 47,,none,website_not_found,,Huelva,Huelva,ES,https://www.google.com/maps/search/?api=1&query=Freidur%C3%ADa%20Hidalgo&query_place_id=ChIJaSDtr-_PEQ0R8f_aiRYC0OE,84,buena valoración · 100+ reseñas · teléfono disponible · ficha de Google Maps,88,HIGH,sin web registrada · buena reputación · 100+ reseñas · teléfono disponible
https://www.google.com/maps/search/?api=1&query=Restaurante%20La%20Nicoba&query_place_id=ChIJj7MamwXFEQ0RnSJadozn3zY,Restaurante La Nicoba,Restaurante,4.6,98,+34 697 81 72 79,,none,website_not_found,,Huelva,Huelva,ES,https://www.google.com/maps/search/?api=1&query=Restaurante%20La%20Nicoba&query_place_id=ChIJj7MamwXFEQ0RnSJadozn3zY,77,buena valoración · 50+ reseñas · teléfono disponible · ficha de Google Maps,85,HIGH,sin web registrada · buena reputación · 50+ reseñas · teléfono disponible
https://www.google.com/maps/search/?api=1&query=Bar%20El%20Pueblo&query_place_id=ChIJCZubuR7QEQ0R8wQy32yQ5co,Bar El Pueblo,Bar,4.5,80,+34 625 17 18 02,,none,website_not_found,,Huelva,Huelva,ES,https://www.google.com/maps/search/?api=1&query=Bar%20El%20Pueblo&query_place_id=ChIJCZubuR7QEQ0R8wQy32yQ5co,77,buena valoración · 50+ reseñas · teléfono disponible · ficha de Google Maps,85,HIGH,sin web registrada · buena reputación · 50+ reseñas · teléfono disponible
https://www.google.com/maps/search/?api=1&query=Nuevo%20Garrisons%20burger&query_place_id=ChIJ_yuK8uLPEQ0Rb5aNOgw3EbU,Nuevo Garrisons burger,Hamburguesería,4.7,303,+34 666 48 60 88,https://www.facebook.com/profile.php?id=100088812015001,social,social_only,,Huelva,Huelva,ES,https://www.google.com/maps/search/?api=1&query=Nuevo%20Garrisons%20burger&query_place_id=ChIJ_yuK8uLPEQ0Rb5aNOgw3EbU,90,buena valoración · 300+ reseñas · teléfono disponible · ficha de Google Maps,84,HIGH,solo presencia social · buena reputación · 300+ reseñas · teléfono disponible
https://www.google.com/maps/search/?api=1&query=Terraza-Bar%20La%20Hispanidad&query_place_id=ChIJD0X1G-HPEQ0RahZW-jaLknc,Terraza-Bar La Hispanidad,Bar de tapas,4.4,1504,+34 959 25 69 02,,none,website_not_found,,Huelva,Huelva,ES,https://www.google.com/maps/search/?api=1&query=Terraza-Bar%20La%20Hispanidad&query_place_id=ChIJD0X1G-HPEQ0RahZW-jaLknc,86,valoración positiva · 500+ reseñas · teléfono disponible · ficha de Google Maps,84,HIGH,sin web registrada · reputación positiva · 300+ reseñas · teléfono disponible
https://www.google.com/maps/search/?api=1&query=Cafeter%C3%ADa%20La%20G%C3%B3ndola%20Onubense%20S.L.&query_place_id=ChIJw2qctO7PEQ0Rnfwmvn_W8Js,Cafetería La Góndola Onubense S.L.,Churrería,4.4,506,+34 959 15 15 01,,none,website_not_found,,Huelva,Huelva,ES,https://www.google.com/maps/search/?api=1&query=Cafeter%C3%ADa%20La%20G%C3%B3ndola%20Onubense%20S.L.&query_place_id=ChIJw2qctO7PEQ0Rnfwmvn_W8Js,86,valoración positiva · 500+ reseñas · teléfono disponible · ficha de Google Maps,84,HIGH,sin web registrada · reputación positiva · 300+ reseñas · teléfono disponible
https://www.google.com/maps/search/?api=1&query=Restaurante%20Bland%C3%B3n&query_place_id=ChIJd4_gMNjPEQ0RNkd9iYhGcAM,Restaurante Blandón,Bar restaurante,4.1,464,+34 959 24 29 79,,none,website_not_found,,Huelva,Huelva,ES,https://www.google.com/maps/search/?api=1&query=Restaurante%20Bland%C3%B3n&query_place_id=ChIJd4_gMNjPEQ0RNkd9iYhGcAM,81,valoración positiva · 300+ reseñas · teléfono disponible · ficha de Google Maps,84,HIGH,sin web registrada · reputación positiva · 300+ reseñas · teléfono disponible
https://www.google.com/maps/search/?api=1&query=Albero%20Gastro%20y%20Folklore&query_place_id=ChIJN2NRFNjPEQ0RuHFDp_jfipo,Albero Gastro y Folklore,Bar restaurante,4.3,457,+34 680 93 76 44,,none,website_not_found,,Huelva,Huelva,ES,https://www.google.com/maps/search/?api=1&query=Albero%20Gastro%20y%20Folklore&query_place_id=ChIJN2NRFNjPEQ0RuHFDp_jfipo,81,valoración positiva · 300+ reseñas · teléfono disponible · ficha de Google Maps,84,HIGH,sin web registrada · reputación positiva · 300+ reseñas · teléfono disponible
https://www.google.com/maps/search/?api=1&query=Ibiza%20Bar&query_place_id=ChIJj9oYMibQEQ0RqaE-z3rzWKE,Ibiza Bar,Bar,4.8,152,,,none,website_not_found,,Huelva,Huelva,ES,https://www.google.com/maps/search/?api=1&query=Ibiza%20Bar&query_place_id=ChIJj9oYMibQEQ0RqaE-z3rzWKE,74,excelente valoración · 100+ reseñas · ficha de Google Maps,82,HIGH,sin web registrada · excelente reputación · 100+ reseñas
https://www.google.com/maps/search/?api=1&query=La%20Churreria&query_place_id=ChIJpcqW1sHPEQ0R58w58LxZ0Ho,La Churreria,Cafetería,4.2,295,+34 655 62 37 09,,none,website_not_found,,Huelva,Huelva,ES,https://www.google.com/maps/search/?api=1&query=La%20Churreria&query_place_id=ChIJpcqW1sHPEQ0R58w58LxZ0Ho,75,valoración positiva · 100+ reseñas · teléfono disponible · ficha de Google Maps,81,HIGH,sin web registrada · reputación positiva · 100+ reseñas · teléfono disponible
https://www.google.com/maps/search/?api=1&query=Bodeguita%20Leal&query_place_id=ChIJq6p--ejPEQ0RExxMCVaj8rQ,Bodeguita Leal,Bar,4.2,288,+34 625 07 18 81,,none,website_not_found,,Huelva,Huelva,ES,https://www.google.com/maps/search/?api=1&query=Bodeguita%20Leal&query_place_id=ChIJq6p--ejPEQ0RExxMCVaj8rQ,75,valoración positiva · 100+ reseñas · teléfono disponible · ficha de Google Maps,81,HIGH,sin web registrada · reputación positiva · 100+ reseñas · teléfono disponible
https://www.google.com/maps/search/?api=1&query=Bar%20Los%20Pitufos&query_place_id=ChIJB_JKs9vPEQ0Rz-X-wl8vYXM,Bar Los Pitufos,Bar de tapas,4.4,217,+34 657 81 15 90,,none,website_not_found,,Huelva,Huelva,ES,https://www.google.com/maps/search/?api=1&query=Bar%20Los%20Pitufos&query_place_id=ChIJB_JKs9vPEQ0Rz-X-wl8vYXM,75,valoración positiva · 100+ reseñas · teléfono disponible · ficha de Google Maps,81,HIGH,sin web registrada · reputación positiva · 100+ reseñas · teléfono disponible
https://www.google.com/maps/search/?api=1&query=El%20Mercado%20Ciudad%20del%20Marisco&query_place_id=ChIJLct8yKXPEQ0Rx2JyrfUdsGc,El Mercado Ciudad del Marisco,Restaurante,4.4,208,+34 692 41 21 36,,none,website_not_found,,Huelva,Huelva,ES,https://www.google.com/maps/search/?api=1&query=El%20Mercado%20Ciudad%20del%20Marisco&query_place_id=ChIJLct8yKXPEQ0Rx2JyrfUdsGc,75,valoración positiva · 100+ reseñas · teléfono disponible · ficha de Google Maps,81,HIGH,sin web registrada · reputación positiva · 100+ reseñas · teléfono disponible
https://www.google.com/maps/search/?api=1&query=Bar%20Leonardo&query_place_id=ChIJJ7EpstvPEQ0RZcpIXG9ucVU,Bar Leonardo,Bar,4.3,190,+34 959 81 26 19,,none,website_not_found,,Huelva,Huelva,ES,https://www.google.com/maps/search/?api=1&query=Bar%20Leonardo&query_place_id=ChIJJ7EpstvPEQ0RZcpIXG9ucVU,75,valoración positiva · 100+ reseñas · teléfono disponible · ficha de Google Maps,81,HIGH,sin web registrada · reputación positiva · 100+ reseñas · teléfono disponible
https://www.google.com/maps/search/?api=1&query=Bar%20LA%20ILUSION&query_place_id=ChIJu79sS8DPEQ0RNAJyS91BzbM,Bar LA ILUSION,Bar,4.4,172,+34 617 78 28 19,,none,website_not_found,,Huelva,Huelva,ES,https://www.google.com/maps/search/?api=1&query=Bar%20LA%20ILUSION&query_place_id=ChIJu79sS8DPEQ0RNAJyS91BzbM,75,valoración positiva · 100+ reseñas · teléfono disponible · ficha de Google Maps,81,HIGH,sin web registrada · reputación positiva · 100+ reseñas · teléfono disponible
https://www.google.com/maps/search/?api=1&query=Bar%20Costa%20de%20la%20Luz&query_place_id=ChIJB2GKg9fPEQ0RCbpDX6q-euM,Bar Costa de la Luz,Cafetería,4.2,169,+34 667 06 09 16,,none,website_not_found,,Huelva,Huelva,ES,https://www.google.com/maps/search/?api=1&query=Bar%20Costa%20de%20la%20Luz&query_place_id=ChIJB2GKg9fPEQ0RCbpDX6q-euM,75,valoración positiva · 100+ reseñas · teléfono disponible · ficha de Google Maps,81,HIGH,sin web registrada · reputación positiva · 100+ reseñas · teléfono disponible
https://www.google.com/maps/search/?api=1&query=La%20tasquita%20de%20candela%20huelva&query_place_id=ChIJAyry5w3PEQ0RiN5qnL1xtKI,La tasquita de candela huelva,Restaurante,4.3,163,+34 671 92 95 42,,none,website_not_found,,Huelva,Huelva,ES,https://www.google.com/maps/search/?api=1&query=La%20tasquita%20de%20candela%20huelva&query_place_id=ChIJAyry5w3PEQ0RiN5qnL1xtKI,75,valoración positiva · 100+ reseñas · teléfono disponible · ficha de Google Maps,81,HIGH,sin web registrada · reputación positiva · 100+ reseñas · teléfono disponible
https://www.google.com/maps/search/?api=1&query=Taberna%20Los%20Compadres%20Verdeluz&query_place_id=ChIJVxj6ln7PEQ0RtWaDZ5Ygi1k,Taberna Los Compadres Verdeluz,Taberna,4.6,39,+34 614 62 80 84,,none,website_not_found,,Huelva,Huelva,ES,https://www.google.com/maps/search/?api=1&query=Taberna%20Los%20Compadres%20Verdeluz&query_place_id=ChIJVxj6ln7PEQ0RtWaDZ5Ygi1k,68,buena valoración · 30+ reseñas · teléfono disponible · ficha de Google Maps,80,HIGH,sin web registrada · buena reputación · 30+ reseñas · teléfono disponible
https://www.google.com/maps/search/?api=1&query=Raymi%20Cafeter%C3%ADa%20Pub&query_place_id=ChIJM5qbldfPEQ0RfNeTAWxXX6I,Raymi Cafetería Pub,Cafetería,4.5,299,,,none,website_not_found,,Huelva,Huelva,ES,https://www.google.com/maps/search/?api=1&query=Raymi%20Cafeter%C3%ADa%20Pub&query_place_id=ChIJM5qbldfPEQ0RfNeTAWxXX6I,69,buena valoración · 100+ reseñas · ficha de Google Maps,78,HIGH,sin web registrada · buena reputación · 100+ reseñas
https://www.google.com/maps/search/?api=1&query=Bar%20La%20Mantua&query_place_id=ChIJM1rBIybQEQ0RCJrBeiyqbYE,Bar La Mantua,Bar,4.5,159,,,none,website_not_found,,Huelva,Huelva,ES,https://www.google.com/maps/search/?api=1&query=Bar%20La%20Mantua&query_place_id=ChIJM1rBIybQEQ0RCJrBeiyqbYE,69,buena valoración · 100+ reseñas · ficha de Google Maps,78,HIGH,sin web registrada · buena reputación · 100+ reseñas
https://www.google.com/maps/search/?api=1&query=Bar%20%22La%20Reja%22&query_place_id=ChIJFRDYQiDQEQ0RKNF82GuuOfo,"Bar ""La Reja""",Bar,4.3,96,+34 600 33 89 54,,none,website_not_found,,Huelva,Huelva,ES,https://www.google.com/maps/search/?api=1&query=Bar%20%22La%20Reja%22&query_place_id=ChIJFRDYQiDQEQ0RKNF82GuuOfo,68,valoración positiva · 50+ reseñas · teléfono disponible · ficha de Google Maps,78,HIGH,sin web registrada · reputación positiva · 50+ reseñas · teléfono disponible
https://www.google.com/maps/search/?api=1&query=Bar%20ultimo%20dolar&query_place_id=ChIJXfa0AeHPEQ0Rbxd6ZdCMgZ4,Bar ultimo dolar,Bar de tapas,4.3,78,+34 663 29 30 53,,none,website_not_found,,Huelva,Huelva,ES,https://www.google.com/maps/search/?api=1&query=Bar%20ultimo%20dolar&query_place_id=ChIJXfa0AeHPEQ0Rbxd6ZdCMgZ4,68,valoración positiva · 50+ reseñas · teléfono disponible · ficha de Google Maps,78,HIGH,sin web registrada · reputación positiva · 50+ reseñas · teléfono disponible
https://www.google.com/maps/search/?api=1&query=M%C3%A1s%20ke%20Pollos&query_place_id=ChIJy-VW29_PEQ0RYkm6_8_zrvI,Más ke Pollos,Restaurante especializado en pollo,4.2,77,+34 959 81 64 90,,none,website_not_found,,Huelva,Huelva,ES,https://www.google.com/maps/search/?api=1&query=M%C3%A1s%20ke%20Pollos&query_place_id=ChIJy-VW29_PEQ0RYkm6_8_zrvI,68,valoración positiva · 50+ reseñas · teléfono disponible · ficha de Google Maps,78,HIGH,sin web registrada · reputación positiva · 50+ reseñas · teléfono disponible
https://www.google.com/maps/search/?api=1&query=Cafeter%C3%ADa%20Helader%C3%ADa%20La%20Flamenca&query_place_id=ChIJPXKip7_PEQ0RKpJ9k-hZBLU,Cafetería Heladería La Flamenca,Heladería,4.1,56,+34 959 82 89 58,,none,website_not_found,,Huelva,Huelva,ES,https://www.google.com/maps/search/?api=1&query=Cafeter%C3%ADa%20Helader%C3%ADa%20La%20Flamenca&query_place_id=ChIJPXKip7_PEQ0RKpJ9k-hZBLU,68,valoración positiva · 50+ reseñas · teléfono disponible · ficha de Google Maps,78,HIGH,sin web registrada · reputación positiva · 50+ reseñas · teléfono disponible
https://www.google.com/maps/search/?api=1&query=Bar%20Paco%20Moreno&query_place_id=ChIJeV9G1CfQEQ0RkhsZPt9ceRY,Bar Paco Moreno,Bar,4.3,1198,+34 959 24 30 48,https://m.facebook.com/cbpacomoreno/?locale2=es_ES,social,social_only,,Huelva,Huelva,ES,https://www.google.com/maps/search/?api=1&query=Bar%20Paco%20Moreno&query_place_id=ChIJeV9G1CfQEQ0RkhsZPt9ceRY,86,valoración positiva · 500+ reseñas · teléfono disponible · ficha de Google Maps,77,HIGH,solo presencia social · reputación positiva · 300+ reseñas · teléfono disponible
https://www.google.com/maps/search/?api=1&query=La%20Florida%20Huelva&query_place_id=ChIJ4XAubYzPEQ0RdeWl2qjN-ow,La Florida Huelva,Cafetería,4.3,646,+34 672 07 84 05,https://www.facebook.com/lafloridahuelva/,social,social_only,,Huelva,Huelva,ES,https://www.google.com/maps/search/?api=1&query=La%20Florida%20Huelva&query_place_id=ChIJ4XAubYzPEQ0RdeWl2qjN-ow,86,valoración positiva · 500+ reseñas · teléfono disponible · ficha de Google Maps,77,HIGH,solo presencia social · reputación positiva · 300+ reseñas · teléfono disponible
https://www.google.com/maps/search/?api=1&query=Bar%20caf%C3%A9%20nandos&query_place_id=ChIJ7ZO8sqvPEQ0Rtm0-m5LF0b8,Bar café nandos,Bar,4.5,20,+34 692 61 69 42,,none,website_not_found,,Huelva,Huelva,ES,https://www.google.com/maps/search/?api=1&query=Bar%20caf%C3%A9%20nandos&query_place_id=ChIJ7ZO8sqvPEQ0Rtm0-m5LF0b8,59,buena valoración · 10+ reseñas · teléfono disponible · ficha de Google Maps,76,HIGH,sin web registrada · buena reputación · 20+ reseñas · teléfono disponible
https://www.google.com/maps/search/?api=1&query=Platero%20Terraza%20Bar&query_place_id=ChIJ20xbCPHPEQ0R0E0yiSogxuo,Platero Terraza Bar,Bar de tapas,3.9,1523,+34 687 78 26 90,,none,website_not_found,,Huelva,Huelva,ES,https://www.google.com/maps/search/?api=1&query=Platero%20Terraza%20Bar&query_place_id=ChIJ20xbCPHPEQ0R0E0yiSogxuo,70,500+ reseñas · teléfono disponible · ficha de Google Maps,75,HIGH,sin web registrada · 300+ reseñas · teléfono disponible
https://www.google.com/maps/search/?api=1&query=Bar%20Vaquero&query_place_id=ChIJF3JY08HPEQ0R5Ywb9kdqCkg,Bar Vaquero,Bar,3.8,421,+34 693 78 46 40,,none,website_not_found,,Huelva,Huelva,ES,https://www.google.com/maps/search/?api=1&query=Bar%20Vaquero&query_place_id=ChIJF3JY08HPEQ0R5Ywb9kdqCkg,65,300+ reseñas · teléfono disponible · ficha de Google Maps,75,HIGH,sin web registrada · 300+ reseñas · teléfono disponible
https://www.google.com/maps/search/?api=1&query=Caf%C3%A9-Bar%20Palacios&query_place_id=ChIJORQgLADREQ0Ri8fxCMpKeLM,Café-Bar Palacios,Restaurante de cocina española,4.8,11,+34 675 90 36 59,,none,website_not_found,,Huelva,Huelva,ES,https://www.google.com/maps/search/?api=1&query=Caf%C3%A9-Bar%20Palacios&query_place_id=ChIJORQgLADREQ0Ri8fxCMpKeLM,64,excelente valoración · 10+ reseñas · teléfono disponible · ficha de Google Maps,75,HIGH,sin web registrada · excelente reputación · teléfono disponible
https://www.google.com/maps/search/?api=1&query=Cafeter%C3%ADa%20Snif%20Helader%C3%ADa&query_place_id=ChIJT3N7ltfPEQ0Rk9NdvCuNyBY,Cafetería Snif Heladería,Heladería,4.5,74,,,none,website_not_found,,Huelva,Huelva,ES,https://www.google.com/maps/search/?api=1&query=Cafeter%C3%ADa%20Snif%20Helader%C3%ADa&query_place_id=ChIJT3N7ltfPEQ0Rk9NdvCuNyBY,62,buena valoración · 50+ reseñas · ficha de Google Maps,75,HIGH,sin web registrada · buena reputación · 50+ reseñas
https://www.google.com/maps/search/?api=1&query=Hamburgueser%C3%ADa%20bianka&query_place_id=ChIJibZgR9rPEQ0RGAvBEjUzExM,Hamburguesería bianka,Hamburguesería,5,7,+34 643 96 01 48,,none,website_not_found,,Huelva,Huelva,ES,https://www.google.com/maps/search/?api=1&query=Hamburgueser%C3%ADa%20bianka&query_place_id=ChIJibZgR9rPEQ0RGAvBEjUzExM,55,excelente valoración · teléfono disponible · ficha de Google Maps,75,HIGH,sin web registrada · excelente reputación · teléfono disponible
https://www.google.com/maps/search/?api=1&query=Bar%20JD&query_place_id=ChIJJyRvVFPPEQ0Ri2mHskRW2iI,Bar JD,Bar,4.8,4,+34 959 81 03 97,,none,website_not_found,,Huelva,Huelva,ES,https://www.google.com/maps/search/?api=1&query=Bar%20JD&query_place_id=ChIJJyRvVFPPEQ0Ri2mHskRW2iI,55,excelente valoración · teléfono disponible · ficha de Google Maps,75,HIGH,sin web registrada · excelente reputación · teléfono disponible
https://www.google.com/maps/search/?api=1&query=TABERNA%20EL%20TORIL&query_place_id=ChIJ95QVP9jPEQ0RGhN9C-k_5T0,TABERNA EL TORIL,Bar restaurante,4.3,178,+34 671 47 20 68,https://www.facebook.com/Taberna-El-Toril-240613159735016,social,social_only,,Huelva,Huelva,ES,https://www.google.com/maps/search/?api=1&query=TABERNA%20EL%20TORIL&query_place_id=ChIJ95QVP9jPEQ0RGhN9C-k_5T0,75,valoración positiva · 100+ reseñas · teléfono disponible · ficha de Google Maps,74,MEDIUM,solo presencia social · reputación positiva · 100+ reseñas · teléfono disponible
https://www.google.com/maps/search/?api=1&query=Taberna%20Los%20Compadres%20-%20Huelva&query_place_id=ChIJt1N8BTLPEQ0RZf44pQEkhdw,Taberna Los Compadres - Huelva,Cafetería,4.3,116,+34 685 58 46 20,https://www.facebook.com/tabernaloscompadres/,social,social_only,,Huelva,Huelva,ES,https://www.google.com/maps/search/?api=1&query=Taberna%20Los%20Compadres%20-%20Huelva&query_place_id=ChIJt1N8BTLPEQ0RZf44pQEkhdw,75,valoración positiva · 100+ reseñas · teléfono disponible · ficha de Google Maps,74,MEDIUM,solo presencia social · reputación positiva · 100+ reseñas · teléfono disponible
https://www.google.com/maps/search/?api=1&query=Bar%20Opapis&query_place_id=ChIJewuP2OjPEQ0Rl99IH8zm6GQ,Bar Opapis,Bar,4.3,444,,,none,website_not_found,,Huelva,Huelva,ES,https://www.google.com/maps/search/?api=1&query=Bar%20Opapis&query_place_id=ChIJewuP2OjPEQ0Rl99IH8zm6GQ,66,valoración positiva · 300+ reseñas · ficha de Google Maps,74,MEDIUM,sin web registrada · reputación positiva · 300+ reseñas
https://www.google.com/maps/search/?api=1&query=Restaurante%20G%C3%B3ndola&query_place_id=ChIJUakpb-nPEQ0RmW4LT4tG40M,Restaurante Góndola,Restaurante,4.2,380,,,none,website_not_found,,Huelva,Huelva,ES,https://www.google.com/maps/search/?api=1&query=Restaurante%20G%C3%B3ndola&query_place_id=ChIJUakpb-nPEQ0RmW4LT4tG40M,66,valoración positiva · 300+ reseñas · ficha de Google Maps,74,MEDIUM,sin web registrada · reputación positiva · 300+ reseñas
https://www.google.com/maps/search/?api=1&query=Bar%20Cafeter%C3%ADa%20LAZOS&query_place_id=ChIJDUxLCADREQ0RakTfESiwh4Q,Bar Cafetería LAZOS,Cafetería,4.9,36,,,none,website_not_found,,Huelva,Huelva,ES,https://www.google.com/maps/search/?api=1&query=Bar%20Cafeter%C3%ADa%20LAZOS&query_place_id=ChIJDUxLCADREQ0RakTfESiwh4Q,58,excelente valoración · 30+ reseñas · ficha de Google Maps,74,MEDIUM,sin web registrada · excelente reputación · 30+ reseñas
https://www.google.com/maps/search/?api=1&query=Asador%20de%20pollos%20Las%20Colonias&query_place_id=ChIJudLqMLrPEQ0RDAGN4ZsjsvQ,Asador de pollos Las Colonias,Restaurante especializado en pollo,4.3,39,+34 664 00 17 26,,none,website_not_found,,Huelva,Huelva,ES,https://www.google.com/maps/search/?api=1&query=Asador%20de%20pollos%20Las%20Colonias&query_place_id=ChIJudLqMLrPEQ0RDAGN4ZsjsvQ,59,valoración positiva · 30+ reseñas · teléfono disponible · ficha de Google Maps,73,MEDIUM,sin web registrada · reputación positiva · 30+ reseñas · teléfono disponible
https://www.google.com/maps/search/?api=1&query=Bar%20Sergio%20Huelva&query_place_id=ChIJ14qJTenPEQ0RCJKNXBYHVf4,Bar Sergio Huelva,Bar de tapas,4.1,36,+34 652 76 97 58,,none,website_not_found,,Huelva,Huelva,ES,https://www.google.com/maps/search/?api=1&query=Bar%20Sergio%20Huelva&query_place_id=ChIJ14qJTenPEQ0RCJKNXBYHVf4,59,valoración positiva · 30+ reseñas · teléfono disponible · ficha de Google Maps,73,MEDIUM,sin web registrada · reputación positiva · 30+ reseñas · teléfono disponible
https://www.google.com/maps/search/?api=1&query=La%20Hispanidad%3A%20Hamburgueser%C3%ADa%20y%20Churrer%C3%ADa&query_place_id=ChIJq0ccIrvPEQ0ReWKOw-Albks,La Hispanidad: Hamburguesería y Churrería,Hamburguesería,4.4,33,+34 600 36 88 69,,none,website_not_found,,Huelva,Huelva,ES,https://www.google.com/maps/search/?api=1&query=La%20Hispanidad%3A%20Hamburgueser%C3%ADa%20y%20Churrer%C3%ADa&query_place_id=ChIJq0ccIrvPEQ0ReWKOw-Albks,59,valoración positiva · 30+ reseñas · teléfono disponible · ficha de Google Maps,73,MEDIUM,sin web registrada · reputación positiva · 30+ reseñas · teléfono disponible
https://www.google.com/maps/search/?api=1&query=El%20Ancla&query_place_id=ChIJIUGH1e7PEQ0RJPRXS7V8NrQ,El Ancla,Bar,3.8,252,+34 615 60 26 04,,none,website_not_found,,Huelva,Huelva,ES,https://www.google.com/maps/search/?api=1&query=El%20Ancla&query_place_id=ChIJIUGH1e7PEQ0RJPRXS7V8NrQ,59,100+ reseñas · teléfono disponible · ficha de Google Maps,72,MEDIUM,sin web registrada · 100+ reseñas · teléfono disponible
https://www.google.com/maps/search/?api=1&query=Bar%20Nuevo%20Fantasma&query_place_id=ChIJieg60OnPEQ0RNgGsNtRC-0E,Bar Nuevo Fantasma,Bar de tapas,3.7,211,+34 603 12 12 28,,none,website_not_found,,Huelva,Huelva,ES,https://www.google.com/maps/search/?api=1&query=Bar%20Nuevo%20Fantasma&query_place_id=ChIJieg60OnPEQ0RNgGsNtRC-0E,59,100+ reseñas · teléfono disponible · ficha de Google Maps,72,MEDIUM,sin web registrada · 100+ reseñas · teléfono disponible
https://www.google.com/maps/search/?api=1&query=leviatan%20kebab&query_place_id=ChIJQR_7B8LPEQ0R-KX1-3z0mQM,leviatan kebab,Restaurante de comida rápida,3.4,188,+34 959 87 41 85,,none,website_not_found,,Huelva,Huelva,ES,https://www.google.com/maps/search/?api=1&query=leviatan%20kebab&query_place_id=ChIJQR_7B8LPEQ0R-KX1-3z0mQM,59,100+ reseñas · teléfono disponible · ficha de Google Maps,72,MEDIUM,sin web registrada · 100+ reseñas · teléfono disponible
https://www.google.com/maps/search/?api=1&query=Bar%20El%20Ca%C3%B1averal&query_place_id=ChIJURciS-nPEQ0Rd1t23Ulp2oc,Bar El Cañaveral,Bar,3.9,110,+34 959 81 01 79,,none,website_not_found,,Huelva,Huelva,ES,https://www.google.com/maps/search/?api=1&query=Bar%20El%20Ca%C3%B1averal&query_place_id=ChIJURciS-nPEQ0Rd1t23Ulp2oc,59,100+ reseñas · teléfono disponible · ficha de Google Maps,72,MEDIUM,sin web registrada · 100+ reseñas · teléfono disponible
https://www.google.com/maps/search/?api=1&query=CHURRER%C3%8DA%20MADRID%20CAFETER%C3%8DA&query_place_id=ChIJyx7J2t_PEQ0Rst2MAfm66C8,CHURRERÍA MADRID CAFETERÍA,Churrería,4.1,290,,,none,website_not_found,,Huelva,Huelva,ES,https://www.google.com/maps/search/?api=1&query=CHURRER%C3%8DA%20MADRID%20CAFETER%C3%8DA&query_place_id=ChIJyx7J2t_PEQ0Rst2MAfm66C8,60,valoración positiva · 100+ reseñas · ficha de Google Maps,71,MEDIUM,sin web registrada · reputación positiva · 100+ reseñas
https://www.google.com/maps/search/?api=1&query=Bar%20Cafeter%C3%ADa%20Euro&query_place_id=ChIJh3Y6bOPPEQ0R11oGNCkNbyY,Bar Cafetería Euro,Bar,4.1,267,,,none,website_not_found,,Huelva,Huelva,ES,https://www.google.com/maps/search/?api=1&query=Bar%20Cafeter%C3%ADa%20Euro&query_place_id=ChIJh3Y6bOPPEQ0R11oGNCkNbyY,60,valoración positiva · 100+ reseñas · ficha de Google Maps,71,MEDIUM,sin web registrada · reputación positiva · 100+ reseñas
https://www.google.com/maps/search/?api=1&query=Churreria%20La%20Parada&query_place_id=ChIJhweaBdvPEQ0RMgqNBtE9IbQ,Churreria La Parada,Bar,4.4,243,,,none,website_not_found,,Huelva,Huelva,ES,https://www.google.com/maps/search/?api=1&query=Churreria%20La%20Parada&query_place_id=ChIJhweaBdvPEQ0RMgqNBtE9IbQ,60,valoración positiva · 100+ reseñas · ficha de Google Maps,71,MEDIUM,sin web registrada · reputación positiva · 100+ reseñas
https://www.google.com/maps/search/?api=1&query=Bar%20La%20Perdiz&query_place_id=ChIJTy-_stvPEQ0RbI5DNXWhDzw,Bar La Perdiz,Bar,4.4,240,,,none,website_not_found,,Huelva,Huelva,ES,https://www.google.com/maps/search/?api=1&query=Bar%20La%20Perdiz&query_place_id=ChIJTy-_stvPEQ0RbI5DNXWhDzw,60,valoración positiva · 100+ reseñas · ficha de Google Maps,71,MEDIUM,sin web registrada · reputación positiva · 100+ reseñas
https://www.google.com/maps/search/?api=1&query=Bar%20Centro%20Pati&query_place_id=ChIJ75fYm8TPEQ0RTVEFLDuyeNo,Bar Centro Pati,Bar de tapas,4.3,126,,,none,website_not_found,,Huelva,Huelva,ES,https://www.google.com/maps/search/?api=1&query=Bar%20Centro%20Pati&query_place_id=ChIJ75fYm8TPEQ0RTVEFLDuyeNo,60,valoración positiva · 100+ reseñas · ficha de Google Maps,71,MEDIUM,sin web registrada · reputación positiva · 100+ reseñas
https://www.google.com/maps/search/?api=1&query=Bar%20Canijo&query_place_id=ChIJI53BJvDPEQ0Ryqk9aQHT-34,Bar Canijo,Bar de tapas,4.4,118,,,none,website_not_found,,Huelva,Huelva,ES,https://www.google.com/maps/search/?api=1&query=Bar%20Canijo&query_place_id=ChIJI53BJvDPEQ0Ryqk9aQHT-34,60,valoración positiva · 100+ reseñas · ficha de Google Maps,71,MEDIUM,sin web registrada · reputación positiva · 100+ reseñas
https://www.google.com/maps/search/?api=1&query=Bar%20El%20Carmen&query_place_id=ChIJ5Q4yucTPEQ0R3m21sTppdHk,Bar El Carmen,Bar,4.1,117,,,none,website_not_found,,Huelva,Huelva,ES,https://www.google.com/maps/search/?api=1&query=Bar%20El%20Carmen&query_place_id=ChIJ5Q4yucTPEQ0R3m21sTppdHk,60,valoración positiva · 100+ reseñas · ficha de Google Maps,71,MEDIUM,sin web registrada · reputación positiva · 100+ reseñas
https://www.google.com/maps/search/?api=1&query=Bar%20Jabali&query_place_id=ChIJG6hGy9vPEQ0RJqH2d8ZMNLE,Bar Jabali,Pizzería,3.9,88,+34 631 61 82 28,,none,website_not_found,,Huelva,Huelva,ES,https://www.google.com/maps/search/?api=1&query=Bar%20Jabali&query_place_id=ChIJG6hGy9vPEQ0RJqH2d8ZMNLE,52,50+ reseñas · teléfono disponible · ficha de Google Maps,69,MEDIUM,sin web registrada · 50+ reseñas · teléfono disponible
https://www.google.com/maps/search/?api=1&query=Bar%20Caf%C3%A9%20Humilladero&query_place_id=ChIJ_YdOZcTPEQ0R5hwNbuUZKs0,Bar Café Humilladero,Bar,4.2,25,+34 638 59 20 18,,none,website_not_found,,Huelva,Huelva,ES,https://www.google.com/maps/search/?api=1&query=Bar%20Caf%C3%A9%20Humilladero&query_place_id=ChIJ_YdOZcTPEQ0R5hwNbuUZKs0,50,valoración positiva · 10+ reseñas · teléfono disponible · ficha de Google Maps,69,MEDIUM,sin web registrada · reputación positiva · 20+ reseñas · teléfono disponible
https://www.google.com/maps/search/?api=1&query=Bar%20Cafeter%C3%ADa%20La%20Carpa&query_place_id=ChIJGQraQ-PPEQ0RAWlGGFuflAg,Bar Cafetería La Carpa,Cafetería,3.7,1031,+34 959 29 02 04,https://www.facebook.com/BarLaCarpa/,social,social_only,,Huelva,Huelva,ES,https://www.google.com/maps/search/?api=1&query=Bar%20Cafeter%C3%ADa%20La%20Carpa&query_place_id=ChIJGQraQ-PPEQ0RAWlGGFuflAg,70,500+ reseñas · teléfono disponible · ficha de Google Maps,68,MEDIUM,solo presencia social · 300+ reseñas · teléfono disponible
https://www.google.com/maps/search/?api=1&query=La%20Faraona&query_place_id=ChIJMzF1JADPEQ0RNiCZJWK5NJo,La Faraona,Bar de tapas,4.5,72,,https://www.instagram.com/lafaraonacerveceria?igsh=MTB2MWp2dGYyYXBucA%3D%3D&utm_source=qr,social,social_only,,Huelva,Huelva,ES,https://www.google.com/maps/search/?api=1&query=La%20Faraona&query_place_id=ChIJMzF1JADPEQ0RNiCZJWK5NJo,62,buena valoración · 50+ reseñas · ficha de Google Maps,68,MEDIUM,solo presencia social · buena reputación · 50+ reseñas
https://www.google.com/maps/search/?api=1&query=Bar%20la%20piscina%20del%20molino&query_place_id=ChIJO3WxrtPPEQ0R6h3qI2fNo1Q,Bar la piscina del molino,Bar,4.9,9,+34 859 99 75 57,https://www.instagram.com/barlapiscina.huelva?igsh=cTYzMjFxc3lqOWdp&utm_source=qr,social,social_only,,Huelva,Huelva,ES,https://www.google.com/maps/search/?api=1&query=Bar%20la%20piscina%20del%20molino&query_place_id=ChIJO3WxrtPPEQ0R6h3qI2fNo1Q,55,excelente valoración · teléfono disponible · ficha de Google Maps,68,MEDIUM,solo presencia social · excelente reputación · teléfono disponible
https://www.google.com/maps/search/?api=1&query=Bar%20Cafeter%C3%ADa%20Spencer&query_place_id=ChIJvz6twujPEQ0RH6x1Zh5MP9Q,Bar Cafetería Spencer,Cafetería,4,81,,,none,website_not_found,,Huelva,Huelva,ES,https://www.google.com/maps/search/?api=1&query=Bar%20Cafeter%C3%ADa%20Spencer&query_place_id=ChIJvz6twujPEQ0RH6x1Zh5MP9Q,53,valoración positiva · 50+ reseñas · ficha de Google Maps,68,MEDIUM,sin web registrada · reputación positiva · 50+ reseñas
https://www.google.com/maps/search/?api=1&query=Sal%C3%B3n%20de%20Juegos%20Bar%20Abel&query_place_id=ChIJ3y9JmOTPEQ0RIAW-vxsU-fw,Salón de Juegos Bar Abel,Bar,4.2,78,,,none,website_not_found,,Huelva,Huelva,ES,https://www.google.com/maps/search/?api=1&query=Sal%C3%B3n%20de%20Juegos%20Bar%20Abel&query_place_id=ChIJ3y9JmOTPEQ0RIAW-vxsU-fw,53,valoración positiva · 50+ reseñas · ficha de Google Maps,68,MEDIUM,sin web registrada · reputación positiva · 50+ reseñas
https://www.google.com/maps/search/?api=1&query=Bar%20Cafeter%C3%ADa%20El%20Ancla&query_place_id=ChIJobBrucTPEQ0RwFT8nDT-tKs,Bar Cafetería El Ancla,Cafetería,4.3,72,,,none,website_not_found,,Huelva,Huelva,ES,https://www.google.com/maps/search/?api=1&query=Bar%20Cafeter%C3%ADa%20El%20Ancla&query_place_id=ChIJobBrucTPEQ0RwFT8nDT-tKs,53,valoración positiva · 50+ reseñas · ficha de Google Maps,68,MEDIUM,sin web registrada · reputación positiva · 50+ reseñas
https://www.google.com/maps/search/?api=1&query=Bar%20la%20proa&query_place_id=ChIJdct1ttfPEQ0RNY1x0G6HC8c,Bar la proa,Bar,4.3,64,,,none,website_not_found,,Huelva,Huelva,ES,https://www.google.com/maps/search/?api=1&query=Bar%20la%20proa&query_place_id=ChIJdct1ttfPEQ0RNY1x0G6HC8c,53,valoración positiva · 50+ reseñas · ficha de Google Maps,68,MEDIUM,sin web registrada · reputación positiva · 50+ reseñas
https://www.google.com/maps/search/?api=1&query=Sala%20de%20juegos%20Par%C3%ADs&query_place_id=ChIJMxM9BMLPEQ0R0xIN-RClFco,Sala de juegos París,Cafetería,4.2,62,,,none,website_not_found,,Huelva,Huelva,ES,https://www.google.com/maps/search/?api=1&query=Sala%20de%20juegos%20Par%C3%ADs&query_place_id=ChIJMxM9BMLPEQ0R0xIN-RClFco,53,valoración positiva · 50+ reseñas · ficha de Google Maps,68,MEDIUM,sin web registrada · reputación positiva · 50+ reseñas
https://www.google.com/maps/search/?api=1&query=Bar%20%22La%20Sartencilla%22&query_place_id=ChIJH9sGuOnPEQ0RxicXtRN4-N4,"Bar ""La Sartencilla""",Bar,4,60,,,none,website_not_found,,Huelva,Huelva,ES,https://www.google.com/maps/search/?api=1&query=Bar%20%22La%20Sartencilla%22&query_place_id=ChIJH9sGuOnPEQ0RxicXtRN4-N4,53,valoración positiva · 50+ reseñas · ficha de Google Maps,68,MEDIUM,sin web registrada · reputación positiva · 50+ reseñas
https://www.google.com/maps/search/?api=1&query=Bar%20El%20Almendro&query_place_id=ChIJn2iTbtvPEQ0ROzdnJEspm1A,Bar El Almendro,Bar,4.1,55,,,none,website_not_found,,Huelva,Huelva,ES,https://www.google.com/maps/search/?api=1&query=Bar%20El%20Almendro&query_place_id=ChIJn2iTbtvPEQ0ROzdnJEspm1A,53,valoración positiva · 50+ reseñas · ficha de Google Maps,68,MEDIUM,sin web registrada · reputación positiva · 50+ reseñas
https://www.google.com/maps/search/?api=1&query=Bar%20Los%20Gonzalez&query_place_id=ChIJO0kRgprPEQ0RQllkyER5KQo,Bar Los Gonzalez,Bar restaurante,4.8,15,,,none,website_not_found,,Huelva,Huelva,ES,https://www.google.com/maps/search/?api=1&query=Bar%20Los%20Gonzalez&query_place_id=ChIJO0kRgprPEQ0RQllkyER5KQo,49,excelente valoración · 10+ reseñas · ficha de Google Maps,65,MEDIUM,sin web registrada · excelente reputación
https://www.google.com/maps/search/?api=1&query=Bar%20Diego&query_place_id=ChIJVTVgNgDPEQ0RF1m-5kvOoGk,Bar Diego,Bar,5,4,,,none,website_not_found,,Huelva,Huelva,ES,https://www.google.com/maps/search/?api=1&query=Bar%20Diego&query_place_id=ChIJVTVgNgDPEQ0RF1m-5kvOoGk,40,excelente valoración · ficha de Google Maps,65,MEDIUM,sin web registrada · excelente reputación
https://www.google.com/maps/search/?api=1&query=Bar%20R%C3%ADo%20Odiel&query_place_id=ChIJN16Ja2DPEQ0RRvVRfCYlsNM,Bar Río Odiel,Bar,5,4,,,none,website_not_found,,Huelva,Huelva,ES,https://www.google.com/maps/search/?api=1&query=Bar%20R%C3%ADo%20Odiel&query_place_id=ChIJN16Ja2DPEQ0RRvVRfCYlsNM,40,excelente valoración · ficha de Google Maps,65,MEDIUM,sin web registrada · excelente reputación
https://www.google.com/maps/search/?api=1&query=Parrilla%20San%20Antonio&query_place_id=ChIJQxWPagDPEQ0RWedPa_jCOrM,Parrilla San Antonio,Restaurante familiar,5,2,,,none,website_not_found,,Huelva,Huelva,ES,https://www.google.com/maps/search/?api=1&query=Parrilla%20San%20Antonio&query_place_id=ChIJQxWPagDPEQ0RWedPa_jCOrM,40,excelente valoración · ficha de Google Maps,65,MEDIUM,sin web registrada · excelente reputación
https://www.google.com/maps/search/?api=1&query=BAR%20LA%20PENULTIMA&query_place_id=ChIJDbw_tsHPEQ0Rks2o3BTFYiw,BAR LA PENULTIMA,Bar,5,1,,,none,website_not_found,,Huelva,Huelva,ES,https://www.google.com/maps/search/?api=1&query=BAR%20LA%20PENULTIMA&query_place_id=ChIJDbw_tsHPEQ0Rks2o3BTFYiw,40,excelente valoración · ficha de Google Maps,65,MEDIUM,sin web registrada · excelente reputación
https://www.google.com/maps/search/?api=1&query=Bar%20Los%20Compadres%20Verdeluz&query_place_id=ChIJW_akPQDPEQ0Rlejoai8IedY,Bar Los Compadres Verdeluz,,5,1,,,none,website_not_found,,Huelva,Huelva,ES,https://www.google.com/maps/search/?api=1&query=Bar%20Los%20Compadres%20Verdeluz&query_place_id=ChIJW_akPQDPEQ0Rlejoai8IedY,40,excelente valoración · ficha de Google Maps,65,MEDIUM,sin web registrada · excelente reputación
https://www.google.com/maps/search/?api=1&query=Snack%20H%E2%80%99tacos&query_place_id=ChIJQTMTJkLPEQ0RTTfr10L0tKA,Snack H’tacos,Restaurante de comida rápida,3.4,43,+34 641 65 40 12,,none,website_not_found,,Huelva,Huelva,ES,https://www.google.com/maps/search/?api=1&query=Snack%20H%E2%80%99tacos&query_place_id=ChIJQTMTJkLPEQ0RTTfr10L0tKA,43,30+ reseñas · teléfono disponible · ficha de Google Maps,64,MEDIUM,sin web registrada · 30+ reseñas · teléfono disponible
https://www.google.com/maps/search/?api=1&query=Caf%C3%A9-Burger%20Desavio%20La%20Abuela&query_place_id=ChIJOTCdy_HPEQ0R6r6LR16YTp0,Café-Burger Desavio La Abuela,Cafetería,4.1,9,+34 614 11 86 60,,none,website_not_found,,Huelva,Huelva,ES,https://www.google.com/maps/search/?api=1&query=Caf%C3%A9-Burger%20Desavio%20La%20Abuela&query_place_id=ChIJOTCdy_HPEQ0R6r6LR16YTp0,41,valoración positiva · teléfono disponible · ficha de Google Maps,64,MEDIUM,sin web registrada · reputación positiva · teléfono disponible
https://www.google.com/maps/search/?api=1&query=Bar%20Cafeter%C3%ADa%20El%20Cortijero&query_place_id=ChIJBxSf_3nPEQ0RQoKCEQ_Bjrs,Bar Cafetería El Cortijero,Bar,4.1,47,,,none,website_not_found,,Huelva,Huelva,ES,https://www.google.com/maps/search/?api=1&query=Bar%20Cafeter%C3%ADa%20El%20Cortijero&query_place_id=ChIJBxSf_3nPEQ0RQoKCEQ_Bjrs,44,valoración positiva · 30+ reseñas · ficha de Google Maps,63,MEDIUM,sin web registrada · reputación positiva · 30+ reseñas
https://www.google.com/maps/search/?api=1&query=Bar%20Er%20Kala%C3%B1%C3%A9s&query_place_id=ChIJm0aYyiPPEQ0Rf2pt9KaMRO4,Bar Er Kalañés,Bar,4.3,44,,,none,website_not_found,,Huelva,Huelva,ES,https://www.google.com/maps/search/?api=1&query=Bar%20Er%20Kala%C3%B1%C3%A9s&query_place_id=ChIJm0aYyiPPEQ0Rf2pt9KaMRO4,44,valoración positiva · 30+ reseñas · ficha de Google Maps,63,MEDIUM,sin web registrada · reputación positiva · 30+ reseñas
https://www.google.com/maps/search/?api=1&query=Ciudad%20del%20Marisco&query_place_id=ChIJs6LI1WLPEQ0RVuZdObgB12w,Ciudad del Marisco,Restaurante,4.3,30,,,none,website_not_found,,Huelva,Huelva,ES,https://www.google.com/maps/search/?api=1&query=Ciudad%20del%20Marisco&query_place_id=ChIJs6LI1WLPEQ0RVuZdObgB12w,44,valoración positiva · 30+ reseñas · ficha de Google Maps,63,MEDIUM,sin web registrada · reputación positiva · 30+ reseñas
https://www.google.com/maps/search/?api=1&query=Bar%20maysam&query_place_id=ChIJl75GXgDPEQ0RaX1Tg0VuM18,Bar maysam,Restaurante,4.7,18,,,none,website_not_found,,Huelva,Huelva,ES,https://www.google.com/maps/search/?api=1&query=Bar%20maysam&query_place_id=ChIJl75GXgDPEQ0RaX1Tg0VuM18,44,buena valoración · 10+ reseñas · ficha de Google Maps,61,MEDIUM,sin web registrada · buena reputación
https://www.google.com/maps/search/?api=1&query=ASADOR%20DE%20POLLOS%20EL%20GRECO&query_place_id=ChIJ41PafobPEQ0R7q79cq4-ur4,ASADOR DE POLLOS EL GRECO,Restaurante especializado en pollo,3.8,24,+34 613 62 51 85,,none,website_not_found,,Huelva,Huelva,ES,https://www.google.com/maps/search/?api=1&query=ASADOR%20DE%20POLLOS%20EL%20GRECO&query_place_id=ChIJ41PafobPEQ0R7q79cq4-ur4,34,10+ reseñas · teléfono disponible · ficha de Google Maps,60,MEDIUM,sin web registrada · 20+ reseñas · teléfono disponible
https://www.google.com/maps/search/?api=1&query=Bar%20Cintado&query_place_id=ChIJTfohv9nPEQ0Rpr5vpLiLALU,Bar Cintado,Bar,3.9,85,,,none,website_not_found,,Huelva,Huelva,ES,https://www.google.com/maps/search/?api=1&query=Bar%20Cintado&query_place_id=ChIJTfohv9nPEQ0Rpr5vpLiLALU,37,50+ reseñas · ficha de Google Maps,59,MEDIUM,sin web registrada · 50+ reseñas
https://www.google.com/maps/search/?api=1&query=Bar%20Chico&query_place_id=ChIJhzVSl9TPEQ0Rr4dQtjZPk8I,Bar Chico,Bar,4,23,,,none,website_not_found,,Huelva,Huelva,ES,https://www.google.com/maps/search/?api=1&query=Bar%20Chico&query_place_id=ChIJhzVSl9TPEQ0Rr4dQtjZPk8I,35,valoración positiva · 10+ reseñas · ficha de Google Maps,59,MEDIUM,sin web registrada · reputación positiva · 20+ reseñas
https://www.google.com/maps/search/?api=1&query=Cafeter%C3%ADa%20In%C3%A9s%20Mar%C3%ADa%20Dom%C3%ADnguez%20de%20la%20Rosa&query_place_id=ChIJLeD1NNrPEQ0REEptu3rzv8c,Cafetería Inés María Domínguez de la Rosa,Cafetería,3.6,17,+34 959 80 29 33,,none,website_not_found,,Huelva,Huelva,ES,https://www.google.com/maps/search/?api=1&query=Cafeter%C3%ADa%20In%C3%A9s%20Mar%C3%ADa%20Dom%C3%ADnguez%20de%20la%20Rosa&query_place_id=ChIJLeD1NNrPEQ0REEptu3rzv8c,34,10+ reseñas · teléfono disponible · ficha de Google Maps,55,MEDIUM,sin web registrada · teléfono disponible
https://www.google.com/maps/search/?api=1&query=El%20Gustazo&query_place_id=ChIJqecey8TPEQ0RdGm5WosjyWE,El Gustazo,Restaurante,3.7,3,+34 959 28 22 92,,none,website_not_found,,Huelva,Huelva,ES,https://www.google.com/maps/search/?api=1&query=El%20Gustazo&query_place_id=ChIJqecey8TPEQ0RdGm5WosjyWE,25,teléfono disponible · ficha de Google Maps,55,MEDIUM,sin web registrada · teléfono disponible
https://www.google.com/maps/search/?api=1&query=Bar%20la%20Bodeguita%20II&query_place_id=ChIJf-ZSazTPEQ0RI5djVgfPbBQ,Bar la Bodeguita II,Cafetería,3.5,2,+34 632 19 83 77,,none,website_not_found,,Huelva,Huelva,ES,https://www.google.com/maps/search/?api=1&query=Bar%20la%20Bodeguita%20II&query_place_id=ChIJf-ZSazTPEQ0RI5djVgfPbBQ,25,teléfono disponible · ficha de Google Maps,55,MEDIUM,sin web registrada · teléfono disponible
https://www.google.com/maps/search/?api=1&query=Attimora&query_place_id=ChIJURcGxT_PEQ0RvGjsechb-XI,Attimora,Snack bar,0,0,+34 614 62 67 53,,none,website_not_found,,Huelva,Huelva,ES,https://www.google.com/maps/search/?api=1&query=Attimora&query_place_id=ChIJURcGxT_PEQ0RvGjsechb-XI,25,teléfono disponible · ficha de Google Maps,55,MEDIUM,sin web registrada · teléfono disponible
https://www.google.com/maps/search/?api=1&query=Houdda%20coquet%20group%20s.l&query_place_id=ChIJgUBS2GXPEQ0RmYkXVAQ7tLM,Houdda coquet group s.l,Bar restaurante,0,0,+34 624 89 75 20,,none,website_not_found,,Huelva,Huelva,ES,https://www.google.com/maps/search/?api=1&query=Houdda%20coquet%20group%20s.l&query_place_id=ChIJgUBS2GXPEQ0RmYkXVAQ7tLM,25,teléfono disponible · ficha de Google Maps,55,MEDIUM,sin web registrada · teléfono disponible
https://www.google.com/maps/search/?api=1&query=Cervecer%C3%ADa%20Gallo%20Negro&query_place_id=ChIJW29DDhTPEQ0RioDF55qotp0,Cervecería Gallo Negro,Bar,4.2,17,,,none,website_not_found,,Huelva,Huelva,ES,https://www.google.com/maps/search/?api=1&query=Cervecer%C3%ADa%20Gallo%20Negro&query_place_id=ChIJW29DDhTPEQ0RioDF55qotp0,35,valoración positiva · 10+ reseñas · ficha de Google Maps,54,LOW,sin web registrada · reputación positiva
https://www.google.com/maps/search/?api=1&query=Freidur%C3%ADa%20Asador&query_place_id=ChIJ6fVFA8XPEQ0ROGU2sB9mpOY,Freiduría Asador,Parrilla,4.1,16,,,none,website_not_found,,Huelva,Huelva,ES,https://www.google.com/maps/search/?api=1&query=Freidur%C3%ADa%20Asador&query_place_id=ChIJ6fVFA8XPEQ0ROGU2sB9mpOY,35,valoración positiva · 10+ reseñas · ficha de Google Maps,54,LOW,sin web registrada · reputación positiva
https://www.google.com/maps/search/?api=1&query=Caf%C3%A9%20-%20Bar%20La%20Salina&query_place_id=ChIJf3K5ddfPEQ0RjDoYUExb8hs,Café - Bar La Salina,Bar,2.8,33,,,none,website_not_found,,Huelva,Huelva,ES,https://www.google.com/maps/search/?api=1&query=Caf%C3%A9%20-%20Bar%20La%20Salina&query_place_id=ChIJf3K5ddfPEQ0RjDoYUExb8hs,28,30+ reseñas · ficha de Google Maps,54,LOW,sin web registrada · 30+ reseñas
https://www.google.com/maps/search/?api=1&query=Bar%20Cafeter%C3%ADa%20Esencia&query_place_id=ChIJvR6YCDrTEQ0R6n15dgzdmFo,Bar Cafetería Esencia,Bar,4.3,7,,,none,website_not_found,,Huelva,Huelva,ES,https://www.google.com/maps/search/?api=1&query=Bar%20Cafeter%C3%ADa%20Esencia&query_place_id=ChIJvR6YCDrTEQ0R6n15dgzdmFo,26,valoración positiva · ficha de Google Maps,54,LOW,sin web registrada · reputación positiva
https://www.google.com/maps/search/?api=1&query=Cafeter%C3%ADa%20de%20la%20Residencia%20de%20mayores%20(La%20Orden)&query_place_id=ChIJn_auia3PEQ0RZZI1pYmLCH8,Cafetería de la Residencia de mayores (La Orden),Cafetería,4.3,6,,,none,website_not_found,,Huelva,Huelva,ES,https://www.google.com/maps/search/?api=1&query=Cafeter%C3%ADa%20de%20la%20Residencia%20de%20mayores%20(La%20Orden)&query_place_id=ChIJn_auia3PEQ0RZZI1pYmLCH8,26,valoración positiva · ficha de Google Maps,54,LOW,sin web registrada · reputación positiva
https://www.google.com/maps/search/?api=1&query=Juegos%20Bar%20Montevideo&query_place_id=ChIJ5_HWTMDPEQ0R8IS6z_NYsN4,Juegos Bar Montevideo,Bar,4.3,3,,,none,website_not_found,,Huelva,Huelva,ES,https://www.google.com/maps/search/?api=1&query=Juegos%20Bar%20Montevideo&query_place_id=ChIJ5_HWTMDPEQ0R8IS6z_NYsN4,26,valoración positiva · ficha de Google Maps,54,LOW,sin web registrada · reputación positiva
https://www.google.com/maps/search/?api=1&query=La%20Famiglia%20se%20sienta%20a%20la%20mesa&query_place_id=ChIJK3QaHc3REQ0RnhcrPEMJlmY,La Famiglia se sienta a la mesa,Restaurante italiano,4.7,6918,+34 722 72 09 71,https://lafamigliarestaurantes.com/restaurantes/huelva/,own_website,website_found,,Huelva,Huelva,ES,https://www.google.com/maps/search/?api=1&query=La%20Famiglia%20se%20sienta%20a%20la%20mesa&query_place_id=ChIJK3QaHc3REQ0RnhcrPEMJlmY,95,buena valoración · 500+ reseñas · teléfono disponible · ficha de Google Maps,51,LOW,tiene web propia · buena reputación · 300+ reseñas · teléfono disponible
https://www.google.com/maps/search/?api=1&query=Bar%20Restaurante%20Juan%20Jos%C3%A9&query_place_id=ChIJEUY459_PEQ0R0Q72g_Jrlq0,Bar Restaurante Juan José,Restaurante,4.5,3495,+34 959 26 38 57,https://bar-restaurantejuanjose.es/,own_website,website_found,,Huelva,Huelva,ES,https://www.google.com/maps/search/?api=1&query=Bar%20Restaurante%20Juan%20Jos%C3%A9&query_place_id=ChIJEUY459_PEQ0R0Q72g_Jrlq0,95,buena valoración · 500+ reseñas · teléfono disponible · ficha de Google Maps,51,LOW,tiene web propia · buena reputación · 300+ reseñas · teléfono disponible
https://www.google.com/maps/search/?api=1&query=Restaurante%20Azabache&query_place_id=ChIJ6UmUbiXQEQ0Rj_ro0AClRwY,Restaurante Azabache,Bar de tapas,4.7,3222,+34 959 25 75 28,http://restauranteazabache.com/,own_website,website_found,,Huelva,Huelva,ES,https://www.google.com/maps/search/?api=1&query=Restaurante%20Azabache&query_place_id=ChIJ6UmUbiXQEQ0Rj_ro0AClRwY,95,buena valoración · 500+ reseñas · teléfono disponible · ficha de Google Maps,51,LOW,tiene web propia · buena reputación · 300+ reseñas · teléfono disponible
https://www.google.com/maps/search/?api=1&query=La%20Tribu&query_place_id=ChIJTevhunfPEQ0R39uVVg18t34,La Tribu,Bar de tapas,4.6,2469,+34 689 61 52 69,https://restaurante.covermanager.com/la-tribu/,own_website,website_found,,Huelva,Huelva,ES,https://www.google.com/maps/search/?api=1&query=La%20Tribu&query_place_id=ChIJTevhunfPEQ0R39uVVg18t34,95,buena valoración · 500+ reseñas · teléfono disponible · ficha de Google Maps,51,LOW,tiene web propia · buena reputación · 300+ reseñas · teléfono disponible
https://www.google.com/maps/search/?api=1&query=Zorro%20Viejo%20Huelva&query_place_id=ChIJxZdMMZbPEQ0RCoSGkPmapNE,Zorro Viejo Huelva,Restaurante,4.6,1494,+34 959 60 65 15,https://www.numier.com/carta-digital/carta/zorroviejo/home,own_website,website_found,,Huelva,Huelva,ES,https://www.google.com/maps/search/?api=1&query=Zorro%20Viejo%20Huelva&query_place_id=ChIJxZdMMZbPEQ0RCoSGkPmapNE,95,buena valoración · 500+ reseñas · teléfono disponible · ficha de Google Maps,51,LOW,tiene web propia · buena reputación · 300+ reseñas · teléfono disponible
https://www.google.com/maps/search/?api=1&query=Masero%20-%20restaurante&query_place_id=ChIJb7n-k5XREQ0RESLSlbyER7g,Masero - restaurante,Restaurante,4.6,1482,+34 604 88 35 26,https://www.restaurantemasero.com/,own_website,website_found,,Huelva,Huelva,ES,https://www.google.com/maps/search/?api=1&query=Masero%20-%20restaurante&query_place_id=ChIJb7n-k5XREQ0RESLSlbyER7g,95,buena valoración · 500+ reseñas · teléfono disponible · ficha de Google Maps,51,LOW,tiene web propia · buena reputación · 300+ reseñas · teléfono disponible
https://www.google.com/maps/search/?api=1&query=Restaurante%20Pura%20Huelva&query_place_id=ChIJrTo1wvrREQ0RywhZ96IDzHI,Restaurante Pura Huelva,Restaurante,4.6,677,+34 624 40 06 58,https://www.restaurantepurahuelva.com/,own_website,website_found,,Huelva,Huelva,ES,https://www.google.com/maps/search/?api=1&query=Restaurante%20Pura%20Huelva&query_place_id=ChIJrTo1wvrREQ0RywhZ96IDzHI,95,buena valoración · 500+ reseñas · teléfono disponible · ficha de Google Maps,51,LOW,tiene web propia · buena reputación · 300+ reseñas · teléfono disponible
https://www.google.com/maps/search/?api=1&query=Pasteler%C3%ADa%20Cafeter%C3%ADa%20Forno%20Portugu%C3%A9s&query_place_id=ChIJY-SZY8TPEQ0RVZKzbCkW2Sw,Pastelería Cafetería Forno Portugués,Cafetería,4.5,413,+34 640 91 31 82,https://mapyo.me/pastelera-cafetera-forno-portugues-455158-es,own_website,website_found,,Huelva,Huelva,ES,https://www.google.com/maps/search/?api=1&query=Pasteler%C3%ADa%20Cafeter%C3%ADa%20Forno%20Portugu%C3%A9s&query_place_id=ChIJY-SZY8TPEQ0RVZKzbCkW2Sw,90,buena valoración · 300+ reseñas · teléfono disponible · ficha de Google Maps,51,LOW,tiene web propia · buena reputación · 300+ reseñas · teléfono disponible
https://www.google.com/maps/search/?api=1&query=Caf%C3%A9%20bar%206%2C25&query_place_id=ChIJY3D7lSzPEQ0RJ9gr3JyVEfE,"Café bar 6,25",Cafetería,2.8,26,,,none,website_not_found,,Huelva,Huelva,ES,https://www.google.com/maps/search/?api=1&query=Caf%C3%A9%20bar%206%2C25&query_place_id=ChIJY3D7lSzPEQ0RJ9gr3JyVEfE,19,10+ reseñas · ficha de Google Maps,50,LOW,sin web registrada · 20+ reseñas
https://www.google.com/maps/search/?api=1&query=Bar%20Restaurante%20Los%20Desniveles&query_place_id=ChIJk9JtawDPEQ0R7UD-Tz315yU,Bar Restaurante Los Desniveles,Restaurante,2.9,24,,,none,website_not_found,,Huelva,Huelva,ES,https://www.google.com/maps/search/?api=1&query=Bar%20Restaurante%20Los%20Desniveles&query_place_id=ChIJk9JtawDPEQ0R7UD-Tz315yU,19,10+ reseñas · ficha de Google Maps,50,LOW,sin web registrada · 20+ reseñas
https://www.google.com/maps/search/?api=1&query=ISTANBUL%20KEBAB%20HUELVA&query_place_id=ChIJc4_E4bHPEQ0RSxdNcfpeNu0,ISTANBUL KEBAB HUELVA,Restaurante turco,4.9,92,+34 662 05 23 49,https://istanbulkebab.es/,own_website,website_found,,Huelva,Huelva,ES,https://www.google.com/maps/search/?api=1&query=ISTANBUL%20KEBAB%20HUELVA&query_place_id=ChIJc4_E4bHPEQ0RSxdNcfpeNu0,82,excelente valoración · 50+ reseñas · teléfono disponible · ficha de Google Maps,49,LOW,tiene web propia · excelente reputación · 50+ reseñas · teléfono disponible
https://www.google.com/maps/search/?api=1&query=MARISCOS%20TONI&query_place_id=ChIJlWK33S3QEQ0Rb_sQ5SoAMBs,MARISCOS TONI,Marisquería,4.8,56,+34 657 83 87 17,https://www.mariscostoni.es/,own_website,website_found,,Huelva,Huelva,ES,https://www.google.com/maps/search/?api=1&query=MARISCOS%20TONI&query_place_id=ChIJlWK33S3QEQ0Rb_sQ5SoAMBs,82,excelente valoración · 50+ reseñas · teléfono disponible · ficha de Google Maps,49,LOW,tiene web propia · excelente reputación · 50+ reseñas · teléfono disponible
https://www.google.com/maps/search/?api=1&query=La%20Churreria%20Omella&query_place_id=ChIJMa6zveXPEQ0Rt1Df9YloxC4,La Churreria Omella,Churrería,4.7,78,+34 615 88 82 58,https://www.lachurreriaomella.com/,own_website,website_found,,Huelva,Huelva,ES,https://www.google.com/maps/search/?api=1&query=La%20Churreria%20Omella&query_place_id=ChIJMa6zveXPEQ0Rt1Df9YloxC4,77,buena valoración · 50+ reseñas · teléfono disponible · ficha de Google Maps,45,LOW,tiene web propia · buena reputación · 50+ reseñas · teléfono disponible
https://www.google.com/maps/search/?api=1&query=Carnicer%C3%ADa%20Charcuter%C3%ADa%20El%20Almac%C3%A9n&query_place_id=ChIJI2CENcDPEQ0RYFrf1JwyKyw,Carnicería Charcutería El Almacén,Carnicería,4.7,69,+34 642 89 36 92,http://www.carniceriaelalmacen.com/,own_website,website_found,,Huelva,Huelva,ES,https://www.google.com/maps/search/?api=1&query=Carnicer%C3%ADa%20Charcuter%C3%ADa%20El%20Almac%C3%A9n&query_place_id=ChIJI2CENcDPEQ0RYFrf1JwyKyw,77,buena valoración · 50+ reseñas · teléfono disponible · ficha de Google Maps,45,LOW,tiene web propia · buena reputación · 50+ reseñas · teléfono disponible
https://www.google.com/maps/search/?api=1&query=Mariscos%20M%C3%A9ndez&query_place_id=ChIJ-XTbkCrQEQ0RP6EUY2BWu_w,Mariscos Méndez,Mayorista de marisco,4.5,50,+34 959 28 17 85,http://www.mariscosmendez.com/,own_website,website_found,,Huelva,Huelva,ES,https://www.google.com/maps/search/?api=1&query=Mariscos%20M%C3%A9ndez&query_place_id=ChIJ-XTbkCrQEQ0RP6EUY2BWu_w,77,buena valoración · 50+ reseñas · teléfono disponible · ficha de Google Maps,45,LOW,tiene web propia · buena reputación · 50+ reseñas · teléfono disponible
https://www.google.com/maps/search/?api=1&query=Bar%20Da%20%26%20Ly&query_place_id=ChIJ8ds1gr7PEQ0RDUWtZCbfDiI,Bar Da & Ly,Bar,3.8,8,,,none,website_not_found,,Huelva,Huelva,ES,https://www.google.com/maps/search/?api=1&query=Bar%20Da%20%26%20Ly&query_place_id=ChIJ8ds1gr7PEQ0RDUWtZCbfDiI,10,ficha de Google Maps,45,LOW,sin web registrada
https://www.google.com/maps/search/?api=1&query=Tasquita%20Santa%20Marta&query_place_id=ChIJoYZoR2fPEQ0RFyuHVxsuyL0,Tasquita Santa Marta,Cafetería,2.8,6,,,none,website_not_found,,Huelva,Huelva,ES,https://www.google.com/maps/search/?api=1&query=Tasquita%20Santa%20Marta&query_place_id=ChIJoYZoR2fPEQ0RFyuHVxsuyL0,10,ficha de Google Maps,45,LOW,sin web registrada
https://www.google.com/maps/search/?api=1&query=Bar%20TORONJO&query_place_id=ChIJtZfcDu3PEQ0RVcxp-RFi0AY,Bar TORONJO,Bar,3.8,4,,,none,website_not_found,,Huelva,Huelva,ES,https://www.google.com/maps/search/?api=1&query=Bar%20TORONJO&query_place_id=ChIJtZfcDu3PEQ0RVcxp-RFi0AY,10,ficha de Google Maps,45,LOW,sin web registrada
https://www.google.com/maps/search/?api=1&query=Restaurante%20Bar%20Arteconsa&query_place_id=ChIJG34v18HPEQ0RDraqF7Z9kco,Restaurante Bar Arteconsa,,3.7,3,,,none,website_not_found,,Huelva,Huelva,ES,https://www.google.com/maps/search/?api=1&query=Restaurante%20Bar%20Arteconsa&query_place_id=ChIJG34v18HPEQ0RDraqF7Z9kco,10,ficha de Google Maps,45,LOW,sin web registrada
https://www.google.com/maps/search/?api=1&query=Hermanos%20Romero%20%26%20Hildebranda&query_place_id=ChIJ9y3evwrPEQ0R6wqiQIRj3xo,Hermanos Romero & Hildebranda,Cafetería,0,0,,,none,website_not_found,,Huelva,Huelva,ES,https://www.google.com/maps/search/?api=1&query=Hermanos%20Romero%20%26%20Hildebranda&query_place_id=ChIJ9y3evwrPEQ0R6wqiQIRj3xo,10,ficha de Google Maps,45,LOW,sin web registrada
https://www.google.com/maps/search/?api=1&query=Cafeter%C3%ADa%20Helader%C3%ADa%20Ar%C3%A1bica&query_place_id=ChIJ95eeMgDPEQ0RPLX4LfxhX28,Cafetería Heladería Arábica,Cafetería,0,0,,,none,website_not_found,,Huelva,Huelva,ES,https://www.google.com/maps/search/?api=1&query=Cafeter%C3%ADa%20Helader%C3%ADa%20Ar%C3%A1bica&query_place_id=ChIJ95eeMgDPEQ0RPLX4LfxhX28,10,ficha de Google Maps,45,LOW,sin web registrada
https://www.google.com/maps/search/?api=1&query=Contado%20bar&query_place_id=ChIJsxgSumrPEQ0RKC6cyomrrLc,Contado bar,Cafetería,0,0,,,none,website_not_found,,Huelva,Huelva,ES,https://www.google.com/maps/search/?api=1&query=Contado%20bar&query_place_id=ChIJsxgSumrPEQ0RKC6cyomrrLc,10,ficha de Google Maps,45,LOW,sin web registrada
https://www.google.com/maps/search/?api=1&query=Bar%20LA%20Gaviota&query_place_id=ChIJ3TDNPADPEQ0RGYcjRnsd2V0,Bar LA Gaviota,Cafetería,0,0,,,none,website_not_found,,Huelva,Huelva,ES,https://www.google.com/maps/search/?api=1&query=Bar%20LA%20Gaviota&query_place_id=ChIJ3TDNPADPEQ0RGYcjRnsd2V0,10,ficha de Google Maps,45,LOW,sin web registrada
https://www.google.com/maps/search/?api=1&query=Churreria%20Kiosco&query_place_id=ChIJg4ZuQwHPEQ0RTwuE1np3OJs,Churreria Kiosco,Cafetería,0,0,,,none,website_not_found,,Huelva,Huelva,ES,https://www.google.com/maps/search/?api=1&query=Churreria%20Kiosco&query_place_id=ChIJg4ZuQwHPEQ0RTwuE1np3OJs,10,ficha de Google Maps,45,LOW,sin web registrada
https://www.google.com/maps/search/?api=1&query=Bsr%20El%20Pati&query_place_id=ChIJ4VsPdgDPEQ0R-0J0-5cnUkE,Bsr El Pati,Cafetería,0,0,,,none,website_not_found,,Huelva,Huelva,ES,https://www.google.com/maps/search/?api=1&query=Bsr%20El%20Pati&query_place_id=ChIJ4VsPdgDPEQ0R-0J0-5cnUkE,10,ficha de Google Maps,45,LOW,sin web registrada
https://www.google.com/maps/search/?api=1&query=Churreria%20Costa%20De%20La%20Luz&query_place_id=ChIJdaE6dtfPEQ0RHst_P5QxPQA,Churreria Costa De La Luz,Cafetería,0,0,,,none,website_not_found,,Huelva,Huelva,ES,https://www.google.com/maps/search/?api=1&query=Churreria%20Costa%20De%20La%20Luz&query_place_id=ChIJdaE6dtfPEQ0RHst_P5QxPQA,10,ficha de Google Maps,45,LOW,sin web registrada
https://www.google.com/maps/search/?api=1&query=Bar%20Esencia&query_place_id=ChIJxy1SLQDPEQ0R-_eCPVGGH5E,Bar Esencia,Bar,0,0,,,none,website_not_found,,Huelva,Huelva,ES,https://www.google.com/maps/search/?api=1&query=Bar%20Esencia&query_place_id=ChIJxy1SLQDPEQ0R-_eCPVGGH5E,10,ficha de Google Maps,45,LOW,sin web registrada
https://www.google.com/maps/search/?api=1&query=Bar%20Montaito&query_place_id=ChIJ9XO7DJPPEQ0RA8OUgIm3r7Y,Bar Montaito,Bar,0,0,,,none,website_not_found,,Huelva,Huelva,ES,https://www.google.com/maps/search/?api=1&query=Bar%20Montaito&query_place_id=ChIJ9XO7DJPPEQ0RA8OUgIm3r7Y,10,ficha de Google Maps,45,LOW,sin web registrada
https://www.google.com/maps/search/?api=1&query=Avd%20de%20Las%20Flores&query_place_id=ChIJrf2kXQDPEQ0RK58knLuSbBo,Avd de Las Flores,Restaurante de comida rápida,0,0,,,none,website_not_found,,Huelva,Huelva,ES,https://www.google.com/maps/search/?api=1&query=Avd%20de%20Las%20Flores&query_place_id=ChIJrf2kXQDPEQ0RK58knLuSbBo,10,ficha de Google Maps,45,LOW,sin web registrada
https://www.google.com/maps/search/?api=1&query=Salon%20de%20Juegos%20Huelva&query_place_id=ChIJ8YGUtMbPEQ0RQrcPRAOyHlU,Salon de Juegos Huelva,Restaurante,0,0,,,none,website_not_found,,Huelva,Huelva,ES,https://www.google.com/maps/search/?api=1&query=Salon%20de%20Juegos%20Huelva&query_place_id=ChIJ8YGUtMbPEQ0RQrcPRAOyHlU,10,ficha de Google Maps,45,LOW,sin web registrada
https://www.google.com/maps/search/?api=1&query=BURGUER%20CHICHO&query_place_id=ChIJ-XdVrvrPEQ0R5nnnRzm0spo,BURGUER CHICHO,Restaurante,0,0,,,none,website_not_found,,Huelva,Huelva,ES,https://www.google.com/maps/search/?api=1&query=BURGUER%20CHICHO&query_place_id=ChIJ-XdVrvrPEQ0R5nnnRzm0spo,10,ficha de Google Maps,45,LOW,sin web registrada
https://www.google.com/maps/search/?api=1&query=Valpara%C3%ADso%20(Lateral%20bar%20Vaquero)&query_place_id=ChIJ74821MHPEQ0RLRlXYDrKpeE,Valparaíso (Lateral bar Vaquero),Parada de autobús,0,0,,,none,website_not_found,,Huelva,Huelva,ES,https://www.google.com/maps/search/?api=1&query=Valpara%C3%ADso%20(Lateral%20bar%20Vaquero)&query_place_id=ChIJ74821MHPEQ0RLRlXYDrKpeE,10,ficha de Google Maps,45,LOW,sin web registrada
https://www.google.com/maps/search/?api=1&query=Bar%20Melli%20E%20Hijos&query_place_id=ChIJ77FhjNvPEQ0RWFEHXVMzBqs,Bar Melli E Hijos,,0,0,,,none,website_not_found,,Huelva,Huelva,ES,https://www.google.com/maps/search/?api=1&query=Bar%20Melli%20E%20Hijos&query_place_id=ChIJ77FhjNvPEQ0RWFEHXVMzBqs,10,ficha de Google Maps,45,LOW,sin web registrada